Entity,Code,Year,Share of one-year-olds vaccinated against rotavirus
Afghanistan,AFG,2018,46
Afghanistan,AFG,2019,49
Afghanistan,AFG,2020,53
Afghanistan,AFG,2021,50
Afghanistan,AFG,2022,53
Afghanistan,AFG,2023,55
Afghanistan,AFG,2024,56
Africa,,2009,0.5567407
Africa,,2010,1.9769366
Africa,,2011,4.48355
Africa,,2012,8.253525
Africa,,2013,14.715367
Africa,,2014,29.855793
Africa,,2015,37.1136
Africa,,2016,41.173107
Africa,,2017,42.50269
Africa,,2018,44.782265
Africa,,2019,47.22805
Africa,,2020,49.576477
Africa,,2021,50.96224
Africa,,2022,49.96368
Africa,,2023,56.791176
Africa (WHO),,2006,0
Africa (WHO),,2007,0
Africa (WHO),,2008,0
Africa (WHO),,2009,1
Africa (WHO),,2010,2
Africa (WHO),,2011,2
Africa (WHO),,2012,5
Africa (WHO),,2013,12
Africa (WHO),,2014,29
Africa (WHO),,2015,38
Africa (WHO),,2016,42
Africa (WHO),,2017,43
Africa (WHO),,2018,46
Africa (WHO),,2019,49
Africa (WHO),,2020,51
Africa (WHO),,2021,53
Africa (WHO),,2022,53
Africa (WHO),,2023,62
Africa (WHO),,2024,65
Albania,ALB,2020,98
Albania,ALB,2021,98
Albania,ALB,2022,97
Albania,ALB,2023,97
Albania,ALB,2024,98
Americas (WHO),,2006,11
Americas (WHO),,2007,18
Americas (WHO),,2008,37
Americas (WHO),,2009,56
Americas (WHO),,2010,63
Americas (WHO),,2011,69
Americas (WHO),,2012,71
Americas (WHO),,2013,72
Americas (WHO),,2014,72
Americas (WHO),,2015,76
Americas (WHO),,2016,73
Americas (WHO),,2017,71
Americas (WHO),,2018,73
Americas (WHO),,2019,74
Americas (WHO),,2020,71
Americas (WHO),,2021,70
Americas (WHO),,2022,74
Americas (WHO),,2023,75
Americas (WHO),,2024,75
Angola,AGO,2014,18
Angola,AGO,2015,46
Angola,AGO,2016,51
Angola,AGO,2017,51
Angola,AGO,2018,59
Angola,AGO,2019,67
Angola,AGO,2020,49
Angola,AGO,2021,41
Angola,AGO,2022,45
Angola,AGO,2023,47
Angola,AGO,2024,36
Argentina,ARG,2015,61
Argentina,ARG,2016,75
Argentina,ARG,2017,88
Argentina,ARG,2018,80
Argentina,ARG,2019,77
Argentina,ARG,2020,72
Argentina,ARG,2021,78
Argentina,ARG,2022,80
Argentina,ARG,2023,68
Argentina,ARG,2024,73
Armenia,ARM,2013,33
Armenia,ARM,2014,91
Armenia,ARM,2015,93
Armenia,ARM,2016,94
Armenia,ARM,2017,94
Armenia,ARM,2018,93
Armenia,ARM,2019,92
Armenia,ARM,2020,92
Armenia,ARM,2021,92
Armenia,ARM,2022,92
Armenia,ARM,2023,93
Armenia,ARM,2024,94
Asia,,2008,0.011590213
Asia,,2009,0.03501089
Asia,,2010,0.027311552
Asia,,2011,0.047269244
Asia,,2012,1.0976205
Asia,,2013,3.2086656
Asia,,2014,2.6788793
Asia,,2015,3.8910825
Asia,,2016,5.300054
Asia,,2017,9.8792
Asia,,2018,21.083664
Asia,,2019,28.689709
Asia,,2020,40.89629
Asia,,2021,43.332092
Asia,,2022,48.957657
Asia,,2023,51.39044
Australia,AUS,2008,81
Australia,AUS,2009,82
Australia,AUS,2010,84
Australia,AUS,2011,85
Australia,AUS,2012,84
Australia,AUS,2013,84
Australia,AUS,2014,84
Australia,AUS,2015,85
Australia,AUS,2016,87
Australia,AUS,2017,89
Australia,AUS,2018,90
Australia,AUS,2019,92
Australia,AUS,2020,93
Australia,AUS,2021,95
Australia,AUS,2022,88
Australia,AUS,2023,87
Australia,AUS,2024,68
Austria,AUT,2008,47
Austria,AUT,2009,61
Austria,AUT,2010,61
Austria,AUT,2011,61
Austria,AUT,2012,61
Austria,AUT,2013,61
Austria,AUT,2014,61
Austria,AUT,2015,61
Austria,AUT,2016,61
Austria,AUT,2017,61
Austria,AUT,2018,61
Austria,AUT,2019,61
Austria,AUT,2020,61
Austria,AUT,2021,61
Austria,AUT,2022,61
Austria,AUT,2023,61
Austria,AUT,2024,61
Bahamas,BHS,2016,11
Bahamas,BHS,2017,90
Bahamas,BHS,2018,70
Bahamas,BHS,2019,78
Bahamas,BHS,2020,95
Bahamas,BHS,2021,86
Bahamas,BHS,2022,82
Bahamas,BHS,2023,81
Bahamas,BHS,2024,88
Bahrain,BHR,2008,49
Bahrain,BHR,2009,90
Bahrain,BHR,2010,59
Bahrain,BHR,2011,96
Bahrain,BHR,2012,96
Bahrain,BHR,2013,97
Bahrain,BHR,2014,97
Bahrain,BHR,2015,97
Bahrain,BHR,2016,98
Bahrain,BHR,2017,97
Bahrain,BHR,2018,98
Bahrain,BHR,2019,99
Bahrain,BHR,2020,98
Bahrain,BHR,2021,99
Bahrain,BHR,2022,95
Bahrain,BHR,2023,98
Bahrain,BHR,2024,94
Belgium,BEL,2012,86
Belgium,BEL,2013,86
Belgium,BEL,2014,86
Belgium,BEL,2015,88
Belgium,BEL,2016,87
Belgium,BEL,2017,87
Belgium,BEL,2018,87
Belgium,BEL,2019,84
Belgium,BEL,2020,86
Belgium,BEL,2021,86
Belgium,BEL,2022,86
Belgium,BEL,2023,86
Belgium,BEL,2024,86
Benin,BEN,2020,63
Benin,BEN,2021,69
Benin,BEN,2022,69
Benin,BEN,2023,70
Benin,BEN,2024,64
Bolivia,BOL,2008,51
Bolivia,BOL,2009,76
Bolivia,BOL,2010,87
Bolivia,BOL,2011,91
Bolivia,BOL,2012,91
Bolivia,BOL,2013,84
Bolivia,BOL,2014,85
Bolivia,BOL,2015,89
Bolivia,BOL,2016,87
Bolivia,BOL,2017,84
Bolivia,BOL,2018,87
Bolivia,BOL,2019,78
Bolivia,BOL,2020,74
Bolivia,BOL,2021,71
Bolivia,BOL,2022,71
Bolivia,BOL,2023,70
Bolivia,BOL,2024,62
Botswana,BWA,2012,74
Botswana,BWA,2013,85
Botswana,BWA,2014,95
Botswana,BWA,2015,92
Botswana,BWA,2016,88
Botswana,BWA,2017,85
Botswana,BWA,2018,87
Botswana,BWA,2019,86
Botswana,BWA,2020,85
Botswana,BWA,2021,85
Botswana,BWA,2022,65
Botswana,BWA,2023,52
Botswana,BWA,2024,74
Brazil,BRA,2006,47
Brazil,BRA,2007,80
Brazil,BRA,2008,81
Brazil,BRA,2009,86
Brazil,BRA,2010,83
Brazil,BRA,2011,87
Brazil,BRA,2012,86
Brazil,BRA,2013,93
Brazil,BRA,2014,92
Brazil,BRA,2015,94
Brazil,BRA,2016,88
Brazil,BRA,2017,77
Brazil,BRA,2018,80
Brazil,BRA,2019,83
Brazil,BRA,2020,76
Brazil,BRA,2021,69
Brazil,BRA,2022,77
Brazil,BRA,2023,84
Brazil,BRA,2024,87
Bulgaria,BGR,2018,31
Bulgaria,BGR,2019,39
Bulgaria,BGR,2020,45
Bulgaria,BGR,2021,46
Bulgaria,BGR,2022,48
Bulgaria,BGR,2023,49
Bulgaria,BGR,2024,50
Burkina Faso,BFA,2013,9
Burkina Faso,BFA,2014,91
Burkina Faso,BFA,2015,91
Burkina Faso,BFA,2016,91
Burkina Faso,BFA,2017,91
Burkina Faso,BFA,2018,91
Burkina Faso,BFA,2019,91
Burkina Faso,BFA,2020,88
Burkina Faso,BFA,2021,91
Burkina Faso,BFA,2022,82
Burkina Faso,BFA,2023,83
Burkina Faso,BFA,2024,87
Burundi,BDI,2014,85
Burundi,BDI,2015,96
Burundi,BDI,2016,96
Burundi,BDI,2017,93
Burundi,BDI,2018,92
Burundi,BDI,2019,95
Burundi,BDI,2020,96
Burundi,BDI,2021,94
Burundi,BDI,2022,91
Burundi,BDI,2023,89
Burundi,BDI,2024,89
Cameroon,CMR,2014,42
Cameroon,CMR,2015,67
Cameroon,CMR,2016,75
Cameroon,CMR,2017,72
Cameroon,CMR,2018,68
Cameroon,CMR,2019,67
Cameroon,CMR,2020,68
Cameroon,CMR,2021,69
Cameroon,CMR,2022,66
Cameroon,CMR,2023,72
Cameroon,CMR,2024,73
Canada,CAN,2018,79
Canada,CAN,2019,84
Canada,CAN,2020,84
Canada,CAN,2021,84
Canada,CAN,2022,87
Canada,CAN,2023,87
Canada,CAN,2024,87
Colombia,COL,2009,55
Colombia,COL,2010,74
Colombia,COL,2011,78
Colombia,COL,2012,87
Colombia,COL,2013,87
Colombia,COL,2014,89
Colombia,COL,2015,91
Colombia,COL,2016,90
Colombia,COL,2017,90
Colombia,COL,2018,92
Colombia,COL,2019,95
Colombia,COL,2020,87
Colombia,COL,2021,86
Colombia,COL,2022,85
Colombia,COL,2023,86
Colombia,COL,2024,86
Congo,COG,2014,60
Congo,COG,2015,80
Congo,COG,2016,64
Congo,COG,2017,64
Congo,COG,2018,72
Congo,COG,2019,71
Congo,COG,2020,60
Congo,COG,2021,23
Congo,COG,2022,45
Congo,COG,2023,45
Congo,COG,2024,58
Cook Islands,COK,2022,93
Cook Islands,COK,2023,60
Cook Islands,COK,2024,85
Costa Rica,CRI,2019,59
Costa Rica,CRI,2020,97
Costa Rica,CRI,2021,85
Costa Rica,CRI,2022,89
Costa Rica,CRI,2023,94
Costa Rica,CRI,2024,96
Cote d'Ivoire,CIV,2017,34
Cote d'Ivoire,CIV,2018,55
Cote d'Ivoire,CIV,2019,64
Cote d'Ivoire,CIV,2020,69
Cote d'Ivoire,CIV,2021,62
Cote d'Ivoire,CIV,2022,69
Cote d'Ivoire,CIV,2023,77
Cote d'Ivoire,CIV,2024,75
Democratic Republic of Congo,COD,2019,4
Democratic Republic of Congo,COD,2020,27
Democratic Republic of Congo,COD,2021,52
Democratic Republic of Congo,COD,2022,59
Democratic Republic of Congo,COD,2023,52
Democratic Republic of Congo,COD,2024,63
Djibouti,DJI,2015,86
Djibouti,DJI,2016,72
Djibouti,DJI,2017,80
Djibouti,DJI,2018,87
Djibouti,DJI,2019,88
Djibouti,DJI,2020,72
Djibouti,DJI,2021,66
Djibouti,DJI,2022,66
Djibouti,DJI,2023,75
Djibouti,DJI,2024,84
Dominican Republic,DOM,2012,9
Dominican Republic,DOM,2013,69
Dominican Republic,DOM,2014,86
Dominican Republic,DOM,2015,83
Dominican Republic,DOM,2016,75
Dominican Republic,DOM,2017,82
Dominican Republic,DOM,2018,81
Dominican Republic,DOM,2019,80
Dominican Republic,DOM,2020,77
Dominican Republic,DOM,2021,80
Dominican Republic,DOM,2022,86
Dominican Republic,DOM,2023,89
Dominican Republic,DOM,2024,83
East Asia and the Pacific (UNICEF),,2006,0
East Asia and the Pacific (UNICEF),,2007,0
East Asia and the Pacific (UNICEF),,2008,0
East Asia and the Pacific (UNICEF),,2009,0
East Asia and the Pacific (UNICEF),,2010,0
East Asia and the Pacific (UNICEF),,2011,0
East Asia and the Pacific (UNICEF),,2012,0
East Asia and the Pacific (UNICEF),,2013,2
East Asia and the Pacific (UNICEF),,2014,0
East Asia and the Pacific (UNICEF),,2015,0
East Asia and the Pacific (UNICEF),,2016,0
East Asia and the Pacific (UNICEF),,2017,0
East Asia and the Pacific (UNICEF),,2018,0
East Asia and the Pacific (UNICEF),,2019,0
East Asia and the Pacific (UNICEF),,2020,2
East Asia and the Pacific (UNICEF),,2021,4
East Asia and the Pacific (UNICEF),,2022,5
East Asia and the Pacific (UNICEF),,2023,8
East Asia and the Pacific (UNICEF),,2024,22
East Timor,TLS,2021,76
East Timor,TLS,2022,76
East Timor,TLS,2023,76
East Timor,TLS,2024,76
Eastern Mediterranean (WHO),,2006,0
Eastern Mediterranean (WHO),,2007,0
Eastern Mediterranean (WHO),,2008,0
Eastern Mediterranean (WHO),,2009,0
Eastern Mediterranean (WHO),,2010,0
Eastern Mediterranean (WHO),,2011,5
Eastern Mediterranean (WHO),,2012,12
Eastern Mediterranean (WHO),,2013,18
Eastern Mediterranean (WHO),,2014,18
Eastern Mediterranean (WHO),,2015,20
Eastern Mediterranean (WHO),,2016,22
Eastern Mediterranean (WHO),,2017,28
Eastern Mediterranean (WHO),,2018,47
Eastern Mediterranean (WHO),,2019,55
Eastern Mediterranean (WHO),,2020,56
Eastern Mediterranean (WHO),,2021,56
Eastern Mediterranean (WHO),,2022,55
Eastern Mediterranean (WHO),,2023,54
Eastern Mediterranean (WHO),,2024,54
Eastern and Southern Africa (UNICEF),,2006,0
Eastern and Southern Africa (UNICEF),,2007,0
Eastern and Southern Africa (UNICEF),,2008,0
Eastern and Southern Africa (UNICEF),,2009,1
Eastern and Southern Africa (UNICEF),,2010,5
Eastern and Southern Africa (UNICEF),,2011,5
Eastern and Southern Africa (UNICEF),,2012,8
Eastern and Southern Africa (UNICEF),,2013,21
Eastern and Southern Africa (UNICEF),,2014,48
Eastern and Southern Africa (UNICEF),,2015,58
Eastern and Southern Africa (UNICEF),,2016,63
Eastern and Southern Africa (UNICEF),,2017,64
Eastern and Southern Africa (UNICEF),,2018,69
Eastern and Southern Africa (UNICEF),,2019,73
Eastern and Southern Africa (UNICEF),,2020,72
Eastern and Southern Africa (UNICEF),,2021,70
Eastern and Southern Africa (UNICEF),,2022,61
Eastern and Southern Africa (UNICEF),,2023,67
Eastern and Southern Africa (UNICEF),,2024,69
Ecuador,ECU,2008,82
Ecuador,ECU,2009,97
Ecuador,ECU,2010,94
Ecuador,ECU,2011,90
Ecuador,ECU,2012,87
Ecuador,ECU,2013,83
Ecuador,ECU,2014,81
Ecuador,ECU,2015,78
Ecuador,ECU,2016,80
Ecuador,ECU,2017,84
Ecuador,ECU,2018,85
Ecuador,ECU,2019,85
Ecuador,ECU,2020,75
Ecuador,ECU,2021,60
Ecuador,ECU,2022,73
Ecuador,ECU,2023,73
Ecuador,ECU,2024,73
El Salvador,SLV,2006,25
El Salvador,SLV,2007,78
El Salvador,SLV,2008,83
El Salvador,SLV,2009,62
El Salvador,SLV,2010,90
El Salvador,SLV,2011,90
El Salvador,SLV,2012,93
El Salvador,SLV,2013,92
El Salvador,SLV,2014,97
El Salvador,SLV,2015,96
El Salvador,SLV,2016,97
El Salvador,SLV,2017,90
El Salvador,SLV,2018,89
El Salvador,SLV,2019,97
El Salvador,SLV,2020,92
El Salvador,SLV,2021,96
El Salvador,SLV,2022,96
El Salvador,SLV,2023,98
El Salvador,SLV,2024,97
Eritrea,ERI,2014,25
Eritrea,ERI,2015,96
Eritrea,ERI,2016,96
Eritrea,ERI,2017,96
Eritrea,ERI,2018,96
Eritrea,ERI,2019,96
Eritrea,ERI,2020,96
Eritrea,ERI,2021,96
Eritrea,ERI,2022,96
Eritrea,ERI,2023,96
Eritrea,ERI,2024,96
Estonia,EST,2014,32
Estonia,EST,2015,66
Estonia,EST,2016,87
Estonia,EST,2017,89
Estonia,EST,2018,87
Estonia,EST,2019,83
Estonia,EST,2020,84
Estonia,EST,2021,82
Estonia,EST,2022,80
Estonia,EST,2023,77
Estonia,EST,2024,75
Eswatini,SWZ,2015,36
Eswatini,SWZ,2016,95
Eswatini,SWZ,2017,86
Eswatini,SWZ,2018,90
Eswatini,SWZ,2019,87
Eswatini,SWZ,2020,63
Eswatini,SWZ,2021,85
Eswatini,SWZ,2022,99
Eswatini,SWZ,2023,50
Eswatini,SWZ,2024,99
Ethiopia,ETH,2014,57
Ethiopia,ETH,2015,60
Ethiopia,ETH,2016,64
Ethiopia,ETH,2017,67
Ethiopia,ETH,2018,63
Ethiopia,ETH,2019,63
Ethiopia,ETH,2020,62
Ethiopia,ETH,2021,63
Ethiopia,ETH,2022,63
Ethiopia,ETH,2023,68
Ethiopia,ETH,2024,73
Europe,,2008,0.4755733
Europe,,2009,0.6587152
Europe,,2010,1.339493
Europe,,2011,1.3624102
Europe,,2012,2.8872027
Europe,,2013,3.0921438
Europe,,2014,9.115587
Europe,,2015,18.31468
Europe,,2016,18.845478
Europe,,2017,20.746374
Europe,,2018,22.426521
Europe,,2019,23.24255
Europe,,2020,27.707983
Europe,,2021,28.696472
Europe,,2022,33.651054
Europe,,2023,37.332806
Europe (WHO),,2006,0
Europe (WHO),,2007,0
Europe (WHO),,2008,0
Europe (WHO),,2009,0
Europe (WHO),,2010,1
Europe (WHO),,2011,1
Europe (WHO),,2012,3
Europe (WHO),,2013,4
Europe (WHO),,2014,12
Europe (WHO),,2015,23
Europe (WHO),,2016,22
Europe (WHO),,2017,25
Europe (WHO),,2018,26
Europe (WHO),,2019,24
Europe (WHO),,2020,33
Europe (WHO),,2021,31
Europe (WHO),,2022,36
Europe (WHO),,2023,41
Europe (WHO),,2024,42
Fiji,FJI,2013,85
Fiji,FJI,2014,99
Fiji,FJI,2015,99
Fiji,FJI,2016,91
Fiji,FJI,2017,87
Fiji,FJI,2018,92
Fiji,FJI,2019,96
Fiji,FJI,2020,96
Fiji,FJI,2021,97
Fiji,FJI,2022,97
Fiji,FJI,2023,96
Fiji,FJI,2024,94
Finland,FIN,2010,93
Finland,FIN,2011,93
Finland,FIN,2012,93
Finland,FIN,2013,93
Finland,FIN,2014,92
Finland,FIN,2015,91
Finland,FIN,2016,84
Finland,FIN,2017,80
Finland,FIN,2018,82
Finland,FIN,2019,83
Finland,FIN,2020,82
Finland,FIN,2021,80
Finland,FIN,2022,85
Finland,FIN,2023,85
Finland,FIN,2024,85
Gambia,GMB,2013,7
Gambia,GMB,2014,92
Gambia,GMB,2015,97
Gambia,GMB,2016,95
Gambia,GMB,2017,93
Gambia,GMB,2018,93
Gambia,GMB,2019,90
Gambia,GMB,2020,85
Gambia,GMB,2021,79
Gambia,GMB,2022,82
Gambia,GMB,2023,83
Gambia,GMB,2024,80
Georgia,GEO,2013,41
Georgia,GEO,2014,69
Georgia,GEO,2015,72
Georgia,GEO,2016,75
Georgia,GEO,2017,76
Georgia,GEO,2018,79
Georgia,GEO,2019,81
Georgia,GEO,2020,75
Georgia,GEO,2021,76
Georgia,GEO,2022,72
Georgia,GEO,2023,74
Georgia,GEO,2024,74
Germany,DEU,2014,67
Germany,DEU,2015,67
Germany,DEU,2016,67
Germany,DEU,2017,68
Germany,DEU,2018,67
Germany,DEU,2019,65
Germany,DEU,2020,65
Germany,DEU,2021,68
Germany,DEU,2022,69
Germany,DEU,2023,69
Germany,DEU,2024,68
Ghana,GHA,2012,49
Ghana,GHA,2013,87
Ghana,GHA,2014,98
Ghana,GHA,2015,88
Ghana,GHA,2016,94
Ghana,GHA,2017,97
Ghana,GHA,2018,94
Ghana,GHA,2019,93
Ghana,GHA,2020,89
Ghana,GHA,2021,96
Ghana,GHA,2022,94
Ghana,GHA,2023,64
Ghana,GHA,2024,82
Greece,GRC,2014,20
Greece,GRC,2015,20
Greece,GRC,2016,20
Greece,GRC,2017,20
Greece,GRC,2018,20
Greece,GRC,2019,20
Greece,GRC,2020,20
Greece,GRC,2021,20
Greece,GRC,2022,20
Greece,GRC,2023,20
Greece,GRC,2024,20
Guatemala,GTM,2010,38
Guatemala,GTM,2011,71
Guatemala,GTM,2012,81
Guatemala,GTM,2013,90
Guatemala,GTM,2014,73
Guatemala,GTM,2015,75
Guatemala,GTM,2016,84
Guatemala,GTM,2017,88
Guatemala,GTM,2018,87
Guatemala,GTM,2019,90
Guatemala,GTM,2020,93
Guatemala,GTM,2021,64
Guatemala,GTM,2022,82
Guatemala,GTM,2023,91
Guatemala,GTM,2024,80
Guinea-Bissau,GNB,2016,61
Guinea-Bissau,GNB,2017,82
Guinea-Bissau,GNB,2018,85
Guinea-Bissau,GNB,2019,81
Guinea-Bissau,GNB,2020,79
Guinea-Bissau,GNB,2021,72
Guinea-Bissau,GNB,2022,76
Guinea-Bissau,GNB,2023,76
Guinea-Bissau,GNB,2024,70
Guyana,GUY,2010,39
Guyana,GUY,2011,77
Guyana,GUY,2012,91
Guyana,GUY,2013,94
Guyana,GUY,2014,95
Guyana,GUY,2015,96
Guyana,GUY,2016,96
Guyana,GUY,2017,97
Guyana,GUY,2018,91
Guyana,GUY,2019,99
Guyana,GUY,2020,97
Guyana,GUY,2021,93
Guyana,GUY,2022,99
Guyana,GUY,2023,99
Guyana,GUY,2024,94
Haiti,HTI,2014,23
Haiti,HTI,2015,49
Haiti,HTI,2016,51
Haiti,HTI,2017,59
Haiti,HTI,2018,55
Haiti,HTI,2019,51
Haiti,HTI,2020,58
Haiti,HTI,2021,44
Haiti,HTI,2022,31
Haiti,HTI,2023,40
Haiti,HTI,2024,49
High-income countries,,2006,0
High-income countries,,2007,0
High-income countries,,2008,2
High-income countries,,2009,14
High-income countries,,2010,19
High-income countries,,2011,21
High-income countries,,2012,23
High-income countries,,2013,27
High-income countries,,2014,31
High-income countries,,2015,37
High-income countries,,2016,38
High-income countries,,2017,40
High-income countries,,2018,43
High-income countries,,2019,44
High-income countries,,2020,47
High-income countries,,2021,48
High-income countries,,2022,53
High-income countries,,2023,59
High-income countries,,2024,60
Honduras,HND,2009,81
Honduras,HND,2010,97
Honduras,HND,2011,97
Honduras,HND,2012,98
Honduras,HND,2013,98
Honduras,HND,2014,99
Honduras,HND,2015,99
Honduras,HND,2016,96
Honduras,HND,2017,91
Honduras,HND,2018,92
Honduras,HND,2019,89
Honduras,HND,2020,83
Honduras,HND,2021,80
Honduras,HND,2022,80
Honduras,HND,2023,73
Honduras,HND,2024,75
India,IND,2016,4
India,IND,2017,13
India,IND,2018,35
India,IND,2019,53
India,IND,2020,82
India,IND,2021,83
India,IND,2022,92
India,IND,2023,90
India,IND,2024,92
Indonesia,IDN,2023,11
Indonesia,IDN,2024,71
Iran,IRN,2024,2
Iraq,IRQ,2012,31
Iraq,IRQ,2013,52
Iraq,IRQ,2014,30
Iraq,IRQ,2015,43
Iraq,IRQ,2016,52
Iraq,IRQ,2017,63
Iraq,IRQ,2018,60
Iraq,IRQ,2019,5
Iraq,IRQ,2020,42
Iraq,IRQ,2021,41
Iraq,IRQ,2022,38
Iraq,IRQ,2023,46
Iraq,IRQ,2024,64
Ireland,IRL,2017,89
Ireland,IRL,2018,89
Ireland,IRL,2019,89
Ireland,IRL,2020,89
Ireland,IRL,2021,91
Ireland,IRL,2022,88
Ireland,IRL,2023,87
Ireland,IRL,2024,88
Israel,ISR,2012,82
Israel,ISR,2013,80
Israel,ISR,2014,81
Israel,ISR,2015,80
Israel,ISR,2016,81
Israel,ISR,2017,81
Israel,ISR,2018,81
Israel,ISR,2019,80
Israel,ISR,2020,79
Israel,ISR,2021,80
Israel,ISR,2022,80
Israel,ISR,2023,80
Israel,ISR,2024,80
Italy,ITA,2017,14
Italy,ITA,2018,19
Italy,ITA,2019,26
Italy,ITA,2020,63
Italy,ITA,2021,70
Italy,ITA,2022,74
Italy,ITA,2023,71
Italy,ITA,2024,70
Japan,JPN,2022,37
Japan,JPN,2023,95
Japan,JPN,2024,94
Jordan,JOR,2015,88
Jordan,JOR,2016,97
Jordan,JOR,2017,96
Jordan,JOR,2018,93
Jordan,JOR,2019,86
Jordan,JOR,2020,75
Jordan,JOR,2021,84
Jordan,JOR,2022,92
Jordan,JOR,2023,96
Jordan,JOR,2024,93
Kenya,KEN,2014,19
Kenya,KEN,2015,66
Kenya,KEN,2016,74
Kenya,KEN,2017,67
Kenya,KEN,2018,84
Kenya,KEN,2019,92
Kenya,KEN,2020,92
Kenya,KEN,2021,95
Kenya,KEN,2022,29
Kenya,KEN,2023,71
Kenya,KEN,2024,82
Kiribati,KIR,2015,37
Kiribati,KIR,2016,79
Kiribati,KIR,2017,91
Kiribati,KIR,2018,97
Kiribati,KIR,2019,99
Kiribati,KIR,2020,89
Kiribati,KIR,2021,95
Kiribati,KIR,2022,94
Kiribati,KIR,2023,92
Kiribati,KIR,2024,90
Kuwait,KWT,2017,3
Kuwait,KWT,2018,69
Kuwait,KWT,2019,71
Kuwait,KWT,2020,73
Kuwait,KWT,2021,75
Kuwait,KWT,2022,86
Kuwait,KWT,2023,88
Kuwait,KWT,2024,88
Kyrgyzstan,KGZ,2020,52
Kyrgyzstan,KGZ,2021,90
Kyrgyzstan,KGZ,2022,86
Kyrgyzstan,KGZ,2023,87
Kyrgyzstan,KGZ,2024,85
Latin America and the Caribbean (UNICEF),,2006,15
Latin America and the Caribbean (UNICEF),,2007,26
Latin America and the Caribbean (UNICEF),,2008,53
Latin America and the Caribbean (UNICEF),,2009,62
Latin America and the Caribbean (UNICEF),,2010,66
Latin America and the Caribbean (UNICEF),,2011,73
Latin America and the Caribbean (UNICEF),,2012,75
Latin America and the Caribbean (UNICEF),,2013,74
Latin America and the Caribbean (UNICEF),,2014,75
Latin America and the Caribbean (UNICEF),,2015,80
Latin America and the Caribbean (UNICEF),,2016,76
Latin America and the Caribbean (UNICEF),,2017,72
Latin America and the Caribbean (UNICEF),,2018,73
Latin America and the Caribbean (UNICEF),,2019,73
Latin America and the Caribbean (UNICEF),,2020,69
Latin America and the Caribbean (UNICEF),,2021,68
Latin America and the Caribbean (UNICEF),,2022,73
Latin America and the Caribbean (UNICEF),,2023,74
Latin America and the Caribbean (UNICEF),,2024,74
Latvia,LVA,2016,43
Latvia,LVA,2017,78
Latvia,LVA,2018,79
Latvia,LVA,2019,85
Latvia,LVA,2020,86
Latvia,LVA,2021,84
Latvia,LVA,2022,86
Latvia,LVA,2023,86
Latvia,LVA,2024,86
Lebanon,LBN,2023,40
Lebanon,LBN,2024,45
Lesotho,LSO,2018,70
Lesotho,LSO,2019,94
Lesotho,LSO,2020,92
Lesotho,LSO,2021,79
Lesotho,LSO,2022,91
Lesotho,LSO,2023,83
Lesotho,LSO,2024,72
Liberia,LBR,2016,48
Liberia,LBR,2017,70
Liberia,LBR,2018,72
Liberia,LBR,2019,59
Liberia,LBR,2020,60
Liberia,LBR,2021,63
Liberia,LBR,2022,72
Liberia,LBR,2023,82
Liberia,LBR,2024,82
Libya,LBY,2014,86
Libya,LBY,2015,93
Libya,LBY,2016,97
Libya,LBY,2017,97
Libya,LBY,2018,73
Libya,LBY,2019,73
Libya,LBY,2020,73
Libya,LBY,2021,73
Libya,LBY,2022,73
Libya,LBY,2023,73
Libya,LBY,2024,82
Lithuania,LTU,2018,1
Lithuania,LTU,2019,45
Lithuania,LTU,2020,48
Lithuania,LTU,2021,48
Lithuania,LTU,2022,49
Lithuania,LTU,2023,74
Lithuania,LTU,2024,77
Low-income countries,,2006,0
Low-income countries,,2007,0
Low-income countries,,2008,0
Low-income countries,,2009,0
Low-income countries,,2010,0
Low-income countries,,2011,2
Low-income countries,,2012,9
Low-income countries,,2013,15
Low-income countries,,2014,27
Low-income countries,,2015,32
Low-income countries,,2016,39
Low-income countries,,2017,41
Low-income countries,,2018,47
Low-income countries,,2019,51
Low-income countries,,2020,56
Low-income countries,,2021,59
Low-income countries,,2022,58
Low-income countries,,2023,55
Low-income countries,,2024,57
Lower-middle-income countries,,2006,0
Lower-middle-income countries,,2007,0
Lower-middle-income countries,,2008,0
Lower-middle-income countries,,2009,1
Lower-middle-income countries,,2010,1
Lower-middle-income countries,,2011,2
Lower-middle-income countries,,2012,3
Lower-middle-income countries,,2013,6
Lower-middle-income countries,,2014,9
Lower-middle-income countries,,2015,14
Lower-middle-income countries,,2016,16
Lower-middle-income countries,,2017,21
Lower-middle-income countries,,2018,35
Lower-middle-income countries,,2019,45
Lower-middle-income countries,,2020,57
Lower-middle-income countries,,2021,57
Lower-middle-income countries,,2022,61
Lower-middle-income countries,,2023,66
Lower-middle-income countries,,2024,68
Luxembourg,LUX,2009,86
Luxembourg,LUX,2010,87
Luxembourg,LUX,2011,88
Luxembourg,LUX,2012,89
Luxembourg,LUX,2013,89
Luxembourg,LUX,2014,89
Luxembourg,LUX,2015,89
Luxembourg,LUX,2016,89
Luxembourg,LUX,2017,89
Luxembourg,LUX,2018,89
Luxembourg,LUX,2019,89
Luxembourg,LUX,2020,89
Luxembourg,LUX,2021,89
Luxembourg,LUX,2022,89
Luxembourg,LUX,2023,89
Luxembourg,LUX,2024,89
Madagascar,MDG,2014,50
Madagascar,MDG,2015,60
Madagascar,MDG,2016,69
Madagascar,MDG,2017,62
Madagascar,MDG,2018,72
Madagascar,MDG,2019,72
Madagascar,MDG,2020,69
Madagascar,MDG,2021,54
Madagascar,MDG,2022,53
Madagascar,MDG,2023,62
Madagascar,MDG,2024,60
Malawi,MWI,2012,18
Malawi,MWI,2013,92
Malawi,MWI,2014,94
Malawi,MWI,2015,91
Malawi,MWI,2016,85
Malawi,MWI,2017,85
Malawi,MWI,2018,90
Malawi,MWI,2019,92
Malawi,MWI,2020,91
Malawi,MWI,2021,92
Malawi,MWI,2022,85
Malawi,MWI,2023,91
Malawi,MWI,2024,89
Mali,MLI,2014,29
Mali,MLI,2015,48
Mali,MLI,2016,67
Mali,MLI,2017,67
Mali,MLI,2018,67
Mali,MLI,2019,67
Mali,MLI,2020,68
Mali,MLI,2021,70
Mali,MLI,2022,71
Mali,MLI,2023,70
Mali,MLI,2024,75
Marshall Islands,MHL,2009,71
Marshall Islands,MHL,2010,25
Marshall Islands,MHL,2011,43
Marshall Islands,MHL,2012,60
Marshall Islands,MHL,2013,52
Marshall Islands,MHL,2014,44
Marshall Islands,MHL,2015,41
Marshall Islands,MHL,2016,38
Marshall Islands,MHL,2017,46
Marshall Islands,MHL,2018,42
Marshall Islands,MHL,2019,60
Marshall Islands,MHL,2020,57
Marshall Islands,MHL,2021,53
Marshall Islands,MHL,2022,49
Marshall Islands,MHL,2023,44
Marshall Islands,MHL,2024,44
Mauritania,MRT,2014,5
Mauritania,MRT,2015,56
Mauritania,MRT,2016,74
Mauritania,MRT,2017,74
Mauritania,MRT,2018,74
Mauritania,MRT,2019,75
Mauritania,MRT,2020,84
Mauritania,MRT,2021,66
Mauritania,MRT,2022,85
Mauritania,MRT,2023,91
Mauritania,MRT,2024,86
Mauritius,MUS,2015,66
Mauritius,MUS,2016,92
Mauritius,MUS,2017,90
Mauritius,MUS,2018,95
Mauritius,MUS,2019,96
Mauritius,MUS,2020,95
Mauritius,MUS,2021,88
Mauritius,MUS,2022,89
Mauritius,MUS,2023,65
Mauritius,MUS,2024,95
Mexico,MEX,2008,99
Mexico,MEX,2009,93
Mexico,MEX,2010,90
Mexico,MEX,2011,98
Mexico,MEX,2012,99
Mexico,MEX,2013,81
Mexico,MEX,2014,85
Mexico,MEX,2015,81
Mexico,MEX,2016,72
Mexico,MEX,2017,70
Mexico,MEX,2018,77
Mexico,MEX,2019,71
Mexico,MEX,2020,69
Mexico,MEX,2021,77
Mexico,MEX,2022,84
Mexico,MEX,2023,80
Mexico,MEX,2024,80
Micronesia (country),FSM,2010,70
Micronesia (country),FSM,2011,40
Micronesia (country),FSM,2012,45
Micronesia (country),FSM,2013,33
Micronesia (country),FSM,2014,40
Micronesia (country),FSM,2015,46
Micronesia (country),FSM,2016,35
Micronesia (country),FSM,2017,35
Micronesia (country),FSM,2018,52
Micronesia (country),FSM,2019,36
Micronesia (country),FSM,2020,40
Micronesia (country),FSM,2021,42
Micronesia (country),FSM,2022,40
Micronesia (country),FSM,2023,35
Micronesia (country),FSM,2024,29
Middle East and North Africa (UNICEF),,2006,0
Middle East and North Africa (UNICEF),,2007,0
Middle East and North Africa (UNICEF),,2008,0
Middle East and North Africa (UNICEF),,2009,0
Middle East and North Africa (UNICEF),,2010,0
Middle East and North Africa (UNICEF),,2011,9
Middle East and North Africa (UNICEF),,2012,19
Middle East and North Africa (UNICEF),,2013,29
Middle East and North Africa (UNICEF),,2014,29
Middle East and North Africa (UNICEF),,2015,32
Middle East and North Africa (UNICEF),,2016,36
Middle East and North Africa (UNICEF),,2017,40
Middle East and North Africa (UNICEF),,2018,40
Middle East and North Africa (UNICEF),,2019,36
Middle East and North Africa (UNICEF),,2020,39
Middle East and North Africa (UNICEF),,2021,38
Middle East and North Africa (UNICEF),,2022,35
Middle East and North Africa (UNICEF),,2023,32
Middle East and North Africa (UNICEF),,2024,33
Middle-income countries,,2006,1
Middle-income countries,,2007,3
Middle-income countries,,2008,5
Middle-income countries,,2009,6
Middle-income countries,,2010,7
Middle-income countries,,2011,8
Middle-income countries,,2012,9
Middle-income countries,,2013,12
Middle-income countries,,2014,13
Middle-income countries,,2015,17
Middle-income countries,,2016,18
Middle-income countries,,2017,21
Middle-income countries,,2018,31
Middle-income countries,,2019,36
Middle-income countries,,2020,45
Middle-income countries,,2021,47
Middle-income countries,,2022,50
Middle-income countries,,2023,55
Middle-income countries,,2024,60
Moldova,MDA,2012,21
Moldova,MDA,2013,65
Moldova,MDA,2014,62
Moldova,MDA,2015,62
Moldova,MDA,2016,71
Moldova,MDA,2017,66
Moldova,MDA,2018,67
Moldova,MDA,2019,66
Moldova,MDA,2020,56
Moldova,MDA,2021,60
Moldova,MDA,2022,61
Moldova,MDA,2023,69
Moldova,MDA,2024,64
Morocco,MAR,2010,2
Morocco,MAR,2011,80
Morocco,MAR,2012,88
Morocco,MAR,2013,90
Morocco,MAR,2014,90
Morocco,MAR,2015,90
Morocco,MAR,2016,99
Morocco,MAR,2017,99
Morocco,MAR,2018,99
Morocco,MAR,2019,98
Morocco,MAR,2020,97
Morocco,MAR,2021,96
Morocco,MAR,2022,94
Morocco,MAR,2023,93
Morocco,MAR,2024,92
Mozambique,MOZ,2015,17
Mozambique,MOZ,2016,65
Mozambique,MOZ,2017,79
Mozambique,MOZ,2018,83
Mozambique,MOZ,2019,50
Mozambique,MOZ,2020,60
Mozambique,MOZ,2021,59
Mozambique,MOZ,2022,57
Mozambique,MOZ,2023,60
Mozambique,MOZ,2024,60
Myanmar,MMR,2020,49
Myanmar,MMR,2021,33
Myanmar,MMR,2022,58
Myanmar,MMR,2023,63
Myanmar,MMR,2024,67
Namibia,NAM,2015,87
Namibia,NAM,2016,86
Namibia,NAM,2017,86
Namibia,NAM,2018,92
Namibia,NAM,2019,90
Namibia,NAM,2020,77
Namibia,NAM,2021,42
Namibia,NAM,2022,55
Namibia,NAM,2023,87
Namibia,NAM,2024,75
Nauru,NRU,2021,60
Nauru,NRU,2022,97
Nauru,NRU,2023,97
Nauru,NRU,2024,97
Nepal,NPL,2021,76
Nepal,NPL,2022,85
Nepal,NPL,2023,92
Nepal,NPL,2024,96
New Zealand,NZL,2016,66
New Zealand,NZL,2017,89
New Zealand,NZL,2018,86
New Zealand,NZL,2019,86
New Zealand,NZL,2020,88
New Zealand,NZL,2021,90
New Zealand,NZL,2022,87
New Zealand,NZL,2023,83
New Zealand,NZL,2024,84
Niger,NER,2014,19
Niger,NER,2015,47
Niger,NER,2016,80
Niger,NER,2017,85
Niger,NER,2018,79
Niger,NER,2019,81
Niger,NER,2020,83
Niger,NER,2021,85
Niger,NER,2022,86
Niger,NER,2023,88
Niger,NER,2024,90
Nigeria,NGA,2022,18
Nigeria,NGA,2023,53
Nigeria,NGA,2024,57
Niue,NIU,2016,74
Niue,NIU,2017,99
Niue,NIU,2018,99
Niue,NIU,2019,99
Niue,NIU,2020,99
Niue,NIU,2021,99
Niue,NIU,2022,99
Niue,NIU,2023,99
Niue,NIU,2024,99
North America,,2006,1.0619563
North America,,2007,1.6490133
North America,,2008,27.945564
North America,,2009,49.641804
North America,,2010,58.73744
North America,,2011,66.32066
North America,,2012,68.31788
North America,,2013,67.23141
North America,,2014,68.32851
North America,,2015,68.04476
North America,,2016,66.38607
North America,,2017,66.83875
North America,,2018,71.77459
North America,,2019,71.44188
North America,,2020,71.69352
North America,,2021,72.34819
North America,,2022,75.54607
North America,,2023,75.16511
North Macedonia,MKD,2020,61
North Macedonia,MKD,2021,65
North Macedonia,MKD,2022,67
North Macedonia,MKD,2023,68
North Macedonia,MKD,2024,71
Norway,NOR,2018,93
Norway,NOR,2019,95
Norway,NOR,2020,95
Norway,NOR,2021,96
Norway,NOR,2022,95
Norway,NOR,2023,95
Norway,NOR,2024,95
Oceania,,2008,36.71991
Oceania,,2009,37.48248
Oceania,,2010,38.485764
Oceania,,2011,38.65189
Oceania,,2012,38.27276
Oceania,,2013,40.994125
Oceania,,2014,41.54147
Oceania,,2015,42.068127
Oceania,,2016,48.656204
Oceania,,2017,51.483963
Oceania,,2018,51.465466
Oceania,,2019,51.979774
Oceania,,2020,53.44035
Oceania,,2021,56.022804
Oceania,,2022,53.504963
Oceania,,2023,53.440853
Pakistan,PAK,2017,12
Pakistan,PAK,2018,58
Pakistan,PAK,2019,86
Pakistan,PAK,2020,84
Pakistan,PAK,2021,87
Pakistan,PAK,2022,88
Pakistan,PAK,2023,90
Pakistan,PAK,2024,90
Palau,PLW,2009,15
Palau,PLW,2010,76
Palau,PLW,2011,89
Palau,PLW,2012,89
Palau,PLW,2013,99
Palau,PLW,2014,99
Palau,PLW,2015,97
Palau,PLW,2016,98
Palau,PLW,2017,95
Palau,PLW,2018,93
Palau,PLW,2019,92
Palau,PLW,2020,82
Palau,PLW,2021,82
Palau,PLW,2022,83
Palau,PLW,2023,31
Palau,PLW,2024,60
Palestine,PSE,2017,99
Palestine,PSE,2018,99
Palestine,PSE,2019,99
Palestine,PSE,2020,99
Palestine,PSE,2021,87
Palestine,PSE,2022,93
Palestine,PSE,2023,83
Palestine,PSE,2024,83
Panama,PAN,2006,82
Panama,PAN,2007,66
Panama,PAN,2008,74
Panama,PAN,2009,78
Panama,PAN,2010,89
Panama,PAN,2011,95
Panama,PAN,2012,92
Panama,PAN,2013,87
Panama,PAN,2014,87
Panama,PAN,2015,87
Panama,PAN,2016,92
Panama,PAN,2017,94
Panama,PAN,2018,95
Panama,PAN,2019,94
Panama,PAN,2020,86
Panama,PAN,2021,84
Panama,PAN,2022,86
Panama,PAN,2023,85
Panama,PAN,2024,88
Paraguay,PRY,2010,56
Paraguay,PRY,2011,85
Paraguay,PRY,2012,86
Paraguay,PRY,2013,86
Paraguay,PRY,2014,90
Paraguay,PRY,2015,91
Paraguay,PRY,2016,91
Paraguay,PRY,2017,93
Paraguay,PRY,2018,91
Paraguay,PRY,2019,86
Paraguay,PRY,2020,80
Paraguay,PRY,2021,68
Paraguay,PRY,2022,78
Paraguay,PRY,2023,76
Paraguay,PRY,2024,80
Peru,PER,2008,3
Peru,PER,2009,41
Peru,PER,2010,75
Peru,PER,2011,84
Peru,PER,2012,91
Peru,PER,2013,86
Peru,PER,2014,86
Peru,PER,2015,87
Peru,PER,2016,89
Peru,PER,2017,89
Peru,PER,2018,90
Peru,PER,2019,90
Peru,PER,2020,76
Peru,PER,2021,82
Peru,PER,2022,84
Peru,PER,2023,87
Peru,PER,2024,82
Philippines,PHL,2012,5
Philippines,PHL,2013,28
Philippines,PHL,2014,1
Philippines,PHL,2015,2
Poland,POL,2022,87
Poland,POL,2023,88
Poland,POL,2024,87
Qatar,QAT,2009,59
Qatar,QAT,2010,55
Qatar,QAT,2011,93
Qatar,QAT,2012,90
Qatar,QAT,2013,97
Qatar,QAT,2014,90
Qatar,QAT,2015,92
Qatar,QAT,2016,99
Qatar,QAT,2017,93
Qatar,QAT,2018,95
Qatar,QAT,2019,98
Qatar,QAT,2020,86
Qatar,QAT,2021,98
Qatar,QAT,2022,95
Qatar,QAT,2023,96
Qatar,QAT,2024,95
Rwanda,RWA,2012,50
Rwanda,RWA,2013,98
Rwanda,RWA,2014,98
Rwanda,RWA,2015,98
Rwanda,RWA,2016,98
Rwanda,RWA,2017,98
Rwanda,RWA,2018,98
Rwanda,RWA,2019,98
Rwanda,RWA,2020,91
Rwanda,RWA,2021,89
Rwanda,RWA,2022,98
Rwanda,RWA,2023,94
Rwanda,RWA,2024,98
Samoa,WSM,2021,30
Samoa,WSM,2022,69
Samoa,WSM,2023,85
Samoa,WSM,2024,83
Sao Tome and Principe,STP,2016,24
Sao Tome and Principe,STP,2017,95
Sao Tome and Principe,STP,2018,95
Sao Tome and Principe,STP,2019,95
Sao Tome and Principe,STP,2020,87
Sao Tome and Principe,STP,2021,78
Sao Tome and Principe,STP,2022,81
Sao Tome and Principe,STP,2023,51
Sao Tome and Principe,STP,2024,87
Saudi Arabia,SAU,2013,84
Saudi Arabia,SAU,2014,94
Saudi Arabia,SAU,2015,95
Saudi Arabia,SAU,2016,95
Saudi Arabia,SAU,2017,97
Saudi Arabia,SAU,2018,97
Saudi Arabia,SAU,2019,95
Saudi Arabia,SAU,2020,96
Saudi Arabia,SAU,2021,97
Saudi Arabia,SAU,2022,97
Saudi Arabia,SAU,2023,97
Saudi Arabia,SAU,2024,97
Senegal,SEN,2015,83
Senegal,SEN,2016,93
Senegal,SEN,2017,94
Senegal,SEN,2018,94
Senegal,SEN,2019,87
Senegal,SEN,2020,82
Senegal,SEN,2021,84
Senegal,SEN,2022,68
Senegal,SEN,2023,83
Senegal,SEN,2024,91
Seychelles,SYC,2017,8
Seychelles,SYC,2018,99
Seychelles,SYC,2019,99
Seychelles,SYC,2020,98
Seychelles,SYC,2021,98
Seychelles,SYC,2022,99
Seychelles,SYC,2023,98
Seychelles,SYC,2024,99
Sierra Leone,SLE,2014,53
Sierra Leone,SLE,2015,85
Sierra Leone,SLE,2016,95
Sierra Leone,SLE,2017,92
Sierra Leone,SLE,2018,92
Sierra Leone,SLE,2019,92
Sierra Leone,SLE,2020,90
Sierra Leone,SLE,2021,75
Sierra Leone,SLE,2022,88
Sierra Leone,SLE,2023,88
Sierra Leone,SLE,2024,88
Solomon Islands,SLB,2020,41
Solomon Islands,SLB,2021,75
Solomon Islands,SLB,2022,80
Solomon Islands,SLB,2023,81
Solomon Islands,SLB,2024,79
South Africa,ZAF,2009,17
South Africa,ZAF,2010,60
South Africa,ZAF,2011,67
South Africa,ZAF,2012,73
South Africa,ZAF,2013,74
South Africa,ZAF,2014,81
South Africa,ZAF,2015,84
South Africa,ZAF,2016,83
South Africa,ZAF,2017,81
South Africa,ZAF,2018,80
South Africa,ZAF,2019,83
South Africa,ZAF,2020,83
South Africa,ZAF,2021,85
South Africa,ZAF,2022,83
South Africa,ZAF,2023,78
South Africa,ZAF,2024,73
South America,,2006,22.587332
South America,,2007,38.874767
South America,,2008,46.92241
South America,,2009,60.694523
South America,,2010,65.31557
South America,,2011,70.27691
South America,,2012,72.09526
South America,,2013,74.44987
South America,,2014,74.1228
South America,,2015,82.93359
South America,,2016,78.7594
South America,,2017,72.99143
South America,,2018,72.58048
South America,,2019,73.99337
South America,,2020,67.79675
South America,,2021,64.77635
South America,,2022,69.77744
South America,,2023,72.24136
South Asia (UNICEF),,2006,0
South Asia (UNICEF),,2007,0
South Asia (UNICEF),,2008,0
South Asia (UNICEF),,2009,0
South Asia (UNICEF),,2010,0
South Asia (UNICEF),,2011,0
South Asia (UNICEF),,2012,0
South Asia (UNICEF),,2013,0
South Asia (UNICEF),,2014,0
South Asia (UNICEF),,2015,0
South Asia (UNICEF),,2016,3
South Asia (UNICEF),,2017,11
South Asia (UNICEF),,2018,35
South Asia (UNICEF),,2019,53
South Asia (UNICEF),,2020,71
South Asia (UNICEF),,2021,74
South Asia (UNICEF),,2022,80
South Asia (UNICEF),,2023,79
South Asia (UNICEF),,2024,80
South Korea,KOR,2024,94
South-East Asia (WHO),,2006,0
South-East Asia (WHO),,2007,0
South-East Asia (WHO),,2008,0
South-East Asia (WHO),,2009,0
South-East Asia (WHO),,2010,0
South-East Asia (WHO),,2011,0
South-East Asia (WHO),,2012,0
South-East Asia (WHO),,2013,0
South-East Asia (WHO),,2014,0
South-East Asia (WHO),,2015,0
South-East Asia (WHO),,2016,3
South-East Asia (WHO),,2017,9
South-East Asia (WHO),,2018,24
South-East Asia (WHO),,2019,37
South-East Asia (WHO),,2020,57
South-East Asia (WHO),,2021,60
South-East Asia (WHO),,2022,67
South-East Asia (WHO),,2023,68
South-East Asia (WHO),,2024,77
Spain,ESP,2023,66
Spain,ESP,2024,70
Sudan,SDN,2011,27
Sudan,SDN,2012,75
Sudan,SDN,2013,80
Sudan,SDN,2014,86
Sudan,SDN,2015,84
Sudan,SDN,2016,90
Sudan,SDN,2017,95
Sudan,SDN,2018,94
Sudan,SDN,2019,94
Sudan,SDN,2020,92
Sudan,SDN,2021,84
Sudan,SDN,2022,60
Sudan,SDN,2023,39
Sudan,SDN,2024,37
Sweden,SWE,2020,83
Sweden,SWE,2021,84
Sweden,SWE,2022,82
Sweden,SWE,2023,84
Sweden,SWE,2024,85
Switzerland,CHE,2024,11
Tajikistan,TJK,2015,85
Tajikistan,TJK,2016,96
Tajikistan,TJK,2017,97
Tajikistan,TJK,2018,96
Tajikistan,TJK,2019,97
Tajikistan,TJK,2020,95
Tajikistan,TJK,2021,97
Tajikistan,TJK,2022,98
Tajikistan,TJK,2023,97
Tajikistan,TJK,2024,98
Tanzania,TZA,2013,85
Tanzania,TZA,2014,97
Tanzania,TZA,2015,95
Tanzania,TZA,2016,89
Tanzania,TZA,2017,87
Tanzania,TZA,2018,85
Tanzania,TZA,2019,88
Tanzania,TZA,2020,89
Tanzania,TZA,2021,85
Tanzania,TZA,2022,74
Tanzania,TZA,2023,81
Tanzania,TZA,2024,81
Thailand,THA,2021,79
Thailand,THA,2022,75
Thailand,THA,2023,75
Thailand,THA,2024,75
Togo,TGO,2014,28
Togo,TGO,2015,78
Togo,TGO,2016,80
Togo,TGO,2017,82
Togo,TGO,2018,81
Togo,TGO,2019,84
Togo,TGO,2020,82
Togo,TGO,2021,86
Togo,TGO,2022,85
Togo,TGO,2023,91
Togo,TGO,2024,91
Tonga,TON,2023,99
Tonga,TON,2024,99
Turkmenistan,TKM,2019,5
Turkmenistan,TKM,2020,95
Turkmenistan,TKM,2021,97
Turkmenistan,TKM,2022,98
Turkmenistan,TKM,2023,98
Turkmenistan,TKM,2024,98
Tuvalu,TUV,2021,59
Tuvalu,TUV,2022,89
Tuvalu,TUV,2023,94
Tuvalu,TUV,2024,94
Uganda,UGA,2018,36
Uganda,UGA,2019,87
Uganda,UGA,2020,88
Uganda,UGA,2021,87
Uganda,UGA,2022,84
Uganda,UGA,2023,86
Uganda,UGA,2024,86
United Arab Emirates,ARE,2014,56
United Arab Emirates,ARE,2015,87
United Arab Emirates,ARE,2016,92
United Arab Emirates,ARE,2017,90
United Arab Emirates,ARE,2018,99
United Arab Emirates,ARE,2019,92
United Arab Emirates,ARE,2020,86
United Arab Emirates,ARE,2021,91
United Arab Emirates,ARE,2022,91
United Arab Emirates,ARE,2023,91
United Arab Emirates,ARE,2024,90
United Kingdom,GBR,2015,89
United Kingdom,GBR,2016,90
United Kingdom,GBR,2017,90
United Kingdom,GBR,2018,91
United Kingdom,GBR,2019,90
United Kingdom,GBR,2020,91
United Kingdom,GBR,2021,91
United Kingdom,GBR,2022,90
United Kingdom,GBR,2023,90
United Kingdom,GBR,2024,89
United States,USA,2009,44
United States,USA,2010,59
United States,USA,2011,67
United States,USA,2012,69
United States,USA,2013,73
United States,USA,2014,72
United States,USA,2015,72
United States,USA,2016,73
United States,USA,2017,74
United States,USA,2018,73
United States,USA,2019,74
United States,USA,2020,75
United States,USA,2021,76
United States,USA,2022,77
United States,USA,2023,77
United States,USA,2024,77
Upper-middle-income countries,,2006,4
Upper-middle-income countries,,2007,6
Upper-middle-income countries,,2008,13
Upper-middle-income countries,,2009,15
Upper-middle-income countries,,2010,17
Upper-middle-income countries,,2011,18
Upper-middle-income countries,,2012,19
Upper-middle-income countries,,2013,20
Upper-middle-income countries,,2014,20
Upper-middle-income countries,,2015,22
Upper-middle-income countries,,2016,21
Upper-middle-income countries,,2017,21
Upper-middle-income countries,,2018,23
Upper-middle-income countries,,2019,21
Upper-middle-income countries,,2020,24
Upper-middle-income countries,,2021,26
Upper-middle-income countries,,2022,28
Upper-middle-income countries,,2023,31
Upper-middle-income countries,,2024,41
Uzbekistan,UZB,2014,52
Uzbekistan,UZB,2015,95
Uzbekistan,UZB,2016,74
Uzbekistan,UZB,2017,99
Uzbekistan,UZB,2018,84
Uzbekistan,UZB,2019,48
Uzbekistan,UZB,2020,90
Uzbekistan,UZB,2021,52
Uzbekistan,UZB,2022,62
Uzbekistan,UZB,2023,89
Uzbekistan,UZB,2024,99
Vanuatu,VUT,2021,29
Vanuatu,VUT,2022,53
Vanuatu,VUT,2023,73
Vanuatu,VUT,2024,77
Venezuela,VEN,2006,13
Venezuela,VEN,2007,29
Venezuela,VEN,2008,50
Venezuela,VEN,2009,54
Venezuela,VEN,2010,49
Venezuela,VEN,2011,66
Venezuela,VEN,2012,76
Venezuela,VEN,2013,77
Venezuela,VEN,2014,76
Venezuela,VEN,2015,84
Venezuela,VEN,2016,47
Venezuela,VEN,2017,18
Venezuela,VEN,2018,0
Venezuela,VEN,2019,0
Venezuela,VEN,2020,0
Venezuela,VEN,2021,0
Venezuela,VEN,2022,0
Venezuela,VEN,2023,0
Venezuela,VEN,2024,0
West and Central Africa (UNICEF),,2006,0
West and Central Africa (UNICEF),,2007,0
West and Central Africa (UNICEF),,2008,0
West and Central Africa (UNICEF),,2009,0
West and Central Africa (UNICEF),,2010,0
West and Central Africa (UNICEF),,2011,0
West and Central Africa (UNICEF),,2012,2
West and Central Africa (UNICEF),,2013,4
West and Central Africa (UNICEF),,2014,14
West and Central Africa (UNICEF),,2015,21
West and Central Africa (UNICEF),,2016,25
West and Central Africa (UNICEF),,2017,27
West and Central Africa (UNICEF),,2018,27
West and Central Africa (UNICEF),,2019,28
West and Central Africa (UNICEF),,2020,34
West and Central Africa (UNICEF),,2021,39
West and Central Africa (UNICEF),,2022,47
West and Central Africa (UNICEF),,2023,57
West and Central Africa (UNICEF),,2024,62
Western Pacific (WHO),,2006,0
Western Pacific (WHO),,2007,0
Western Pacific (WHO),,2008,1
Western Pacific (WHO),,2009,1
Western Pacific (WHO),,2010,1
Western Pacific (WHO),,2011,1
Western Pacific (WHO),,2012,1
Western Pacific (WHO),,2013,4
Western Pacific (WHO),,2014,1
Western Pacific (WHO),,2015,1
Western Pacific (WHO),,2016,1
Western Pacific (WHO),,2017,1
Western Pacific (WHO),,2018,2
Western Pacific (WHO),,2019,2
Western Pacific (WHO),,2020,2
Western Pacific (WHO),,2021,2
Western Pacific (WHO),,2022,4
Western Pacific (WHO),,2023,7
Western Pacific (WHO),,2024,8
World,OWID_WRL,2006,1
World,OWID_WRL,2007,2
World,OWID_WRL,2008,4
World,OWID_WRL,2009,6
World,OWID_WRL,2010,8
World,OWID_WRL,2011,9
World,OWID_WRL,2012,11
World,OWID_WRL,2013,14
World,OWID_WRL,2014,18
World,OWID_WRL,2015,22
World,OWID_WRL,2016,24
World,OWID_WRL,2017,27
World,OWID_WRL,2018,35
World,OWID_WRL,2019,40
World,OWID_WRL,2020,47
World,OWID_WRL,2021,49
World,OWID_WRL,2022,52
World,OWID_WRL,2023,56
World,OWID_WRL,2024,59
Yemen,YEM,2012,23
Yemen,YEM,2013,56
Yemen,YEM,2014,55
Yemen,YEM,2015,47
Yemen,YEM,2016,52
Yemen,YEM,2017,59
Yemen,YEM,2018,53
Yemen,YEM,2019,59
Yemen,YEM,2020,57
Yemen,YEM,2021,58
Yemen,YEM,2022,61
Yemen,YEM,2023,48
Yemen,YEM,2024,42
Zambia,ZMB,2014,73
Zambia,ZMB,2015,82
Zambia,ZMB,2016,94
Zambia,ZMB,2017,96
Zambia,ZMB,2018,91
Zambia,ZMB,2019,90
Zambia,ZMB,2020,87
Zambia,ZMB,2021,87
Zambia,ZMB,2022,50
Zambia,ZMB,2023,58
Zambia,ZMB,2024,58
Zimbabwe,ZWE,2014,48
Zimbabwe,ZWE,2015,87
Zimbabwe,ZWE,2016,91
Zimbabwe,ZWE,2017,91
Zimbabwe,ZWE,2018,90
Zimbabwe,ZWE,2019,92
Zimbabwe,ZWE,2020,88
Zimbabwe,ZWE,2021,86
Zimbabwe,ZWE,2022,55
Zimbabwe,ZWE,2023,55
Zimbabwe,ZWE,2024,85