Entity,Code,Year,Share of one-year-olds who have had the third dose of the pneumococcal conjugate vaccine
Afghanistan,AFG,2014,49
Afghanistan,AFG,2015,64
Afghanistan,AFG,2016,62
Afghanistan,AFG,2017,63
Afghanistan,AFG,2018,64
Afghanistan,AFG,2019,61
Afghanistan,AFG,2020,59
Afghanistan,AFG,2021,53
Afghanistan,AFG,2022,55
Afghanistan,AFG,2023,58
Afghanistan,AFG,2024,57
Africa,,2009,0.32749453
Africa,,2010,2.9886816
Africa,,2011,10.447944
Africa,,2012,20.10752
Africa,,2013,31.746563
Africa,,2014,45.394554
Africa,,2015,56.1722
Africa,,2016,62.721798
Africa,,2017,65.36093
Africa,,2018,67.09472
Africa,,2019,68.13085
Africa,,2020,66.598
Africa,,2021,64.46477
Africa,,2022,64.417564
Africa,,2023,59.669464
Africa (WHO),,2008,0
Africa (WHO),,2009,0
Africa (WHO),,2010,3
Africa (WHO),,2011,11
Africa (WHO),,2012,22
Africa (WHO),,2013,34
Africa (WHO),,2014,47
Africa (WHO),,2015,60
Africa (WHO),,2016,67
Africa (WHO),,2017,70
Africa (WHO),,2018,72
Africa (WHO),,2019,73
Africa (WHO),,2020,71
Africa (WHO),,2021,68
Africa (WHO),,2022,68
Africa (WHO),,2023,64
Africa (WHO),,2024,65
Albania,ALB,2011,99
Albania,ALB,2012,99
Albania,ALB,2013,99
Albania,ALB,2014,99
Albania,ALB,2015,99
Albania,ALB,2016,99
Albania,ALB,2017,99
Albania,ALB,2018,99
Albania,ALB,2019,96
Albania,ALB,2020,92
Albania,ALB,2021,89
Albania,ALB,2022,87
Albania,ALB,2023,85
Albania,ALB,2024,81
Algeria,DZA,2016,61
Algeria,DZA,2017,89
Algeria,DZA,2018,91
Algeria,DZA,2019,87
Algeria,DZA,2020,83
Algeria,DZA,2021,78
Algeria,DZA,2022,74
Algeria,DZA,2023,89
Algeria,DZA,2024,90
Americas (WHO),,2008,29
Americas (WHO),,2009,34
Americas (WHO),,2010,51
Americas (WHO),,2011,69
Americas (WHO),,2012,77
Americas (WHO),,2013,80
Americas (WHO),,2014,83
Americas (WHO),,2015,85
Americas (WHO),,2016,83
Americas (WHO),,2017,82
Americas (WHO),,2018,81
Americas (WHO),,2019,81
Americas (WHO),,2020,76
Americas (WHO),,2021,75
Americas (WHO),,2022,76
Americas (WHO),,2023,76
Americas (WHO),,2024,79
Andorra,AND,2014,93
Andorra,AND,2015,92
Andorra,AND,2016,92
Andorra,AND,2017,98
Andorra,AND,2018,94
Andorra,AND,2019,96
Andorra,AND,2020,96
Andorra,AND,2021,95
Andorra,AND,2022,95
Andorra,AND,2023,94
Andorra,AND,2024,96
Angola,AGO,2013,9
Angola,AGO,2014,43
Angola,AGO,2015,57
Angola,AGO,2016,58
Angola,AGO,2017,60
Angola,AGO,2018,68
Angola,AGO,2019,64
Angola,AGO,2020,65
Angola,AGO,2021,48
Angola,AGO,2022,39
Angola,AGO,2023,64
Angola,AGO,2024,62
Argentina,ARG,2012,41
Argentina,ARG,2013,86
Argentina,ARG,2014,89
Argentina,ARG,2015,82
Argentina,ARG,2016,82
Argentina,ARG,2017,78
Argentina,ARG,2018,88
Argentina,ARG,2019,80
Argentina,ARG,2020,75
Argentina,ARG,2021,79
Argentina,ARG,2022,79
Argentina,ARG,2023,71
Argentina,ARG,2024,79
Armenia,ARM,2015,44
Armenia,ARM,2016,94
Armenia,ARM,2017,94
Armenia,ARM,2018,92
Armenia,ARM,2019,92
Armenia,ARM,2020,92
Armenia,ARM,2021,93
Armenia,ARM,2022,93
Armenia,ARM,2023,94
Armenia,ARM,2024,94
Asia,,2008,0.070480496
Asia,,2009,2.4481068
Asia,,2010,2.4779758
Asia,,2011,4.6009965
Asia,,2012,5.1713443
Asia,,2013,10.620513
Asia,,2014,13.042531
Asia,,2015,16.940193
Asia,,2016,20.407213
Asia,,2017,23.599182
Asia,,2018,25.70451
Asia,,2019,30.05505
Asia,,2020,32.467907
Asia,,2021,34.14433
Asia,,2022,50.76308
Asia,,2023,59.929848
Australia,AUS,2008,91
Australia,AUS,2009,91
Australia,AUS,2010,91
Australia,AUS,2011,91
Australia,AUS,2012,91
Australia,AUS,2013,91
Australia,AUS,2014,91
Australia,AUS,2015,93
Australia,AUS,2016,94
Australia,AUS,2017,94
Australia,AUS,2018,95
Australia,AUS,2019,96
Australia,AUS,2020,97
Australia,AUS,2021,96
Australia,AUS,2022,96
Australia,AUS,2023,95
Australia,AUS,2024,95
Azerbaijan,AZE,2014,52
Azerbaijan,AZE,2015,79
Azerbaijan,AZE,2016,79
Azerbaijan,AZE,2017,74
Azerbaijan,AZE,2018,70
Azerbaijan,AZE,2019,66
Azerbaijan,AZE,2020,47
Azerbaijan,AZE,2021,50
Azerbaijan,AZE,2022,52
Azerbaijan,AZE,2023,52
Azerbaijan,AZE,2024,52
Bahamas,BHS,2009,3
Bahamas,BHS,2010,1
Bahamas,BHS,2011,1
Bahamas,BHS,2012,37
Bahamas,BHS,2013,97
Bahamas,BHS,2014,96
Bahamas,BHS,2015,95
Bahamas,BHS,2016,94
Bahamas,BHS,2017,93
Bahamas,BHS,2018,90
Bahamas,BHS,2019,89
Bahamas,BHS,2020,83
Bahamas,BHS,2021,80
Bahamas,BHS,2022,79
Bahamas,BHS,2023,81
Bahamas,BHS,2024,90
Bahrain,BHR,2008,14
Bahrain,BHR,2009,96
Bahrain,BHR,2010,99
Bahrain,BHR,2011,99
Bahrain,BHR,2012,99
Bahrain,BHR,2013,99
Bahrain,BHR,2014,98
Bahrain,BHR,2015,98
Bahrain,BHR,2016,99
Bahrain,BHR,2017,97
Bahrain,BHR,2018,98
Bahrain,BHR,2019,97
Bahrain,BHR,2020,99
Bahrain,BHR,2021,99
Bahrain,BHR,2022,99
Bahrain,BHR,2023,98
Bahrain,BHR,2024,99
Bangladesh,BGD,2015,48
Bangladesh,BGD,2016,97
Bangladesh,BGD,2017,99
Bangladesh,BGD,2018,98
Bangladesh,BGD,2019,99
Bangladesh,BGD,2020,99
Bangladesh,BGD,2021,97
Bangladesh,BGD,2022,97
Bangladesh,BGD,2023,97
Bangladesh,BGD,2024,97
Barbados,BRB,2009,75
Barbados,BRB,2010,78
Barbados,BRB,2011,81
Barbados,BRB,2012,84
Barbados,BRB,2013,87
Barbados,BRB,2014,90
Barbados,BRB,2015,97
Barbados,BRB,2016,96
Barbados,BRB,2017,89
Barbados,BRB,2018,89
Barbados,BRB,2019,93
Barbados,BRB,2020,86
Barbados,BRB,2021,83
Barbados,BRB,2022,87
Barbados,BRB,2023,86
Barbados,BRB,2024,94
Belgium,BEL,2012,93
Belgium,BEL,2013,93
Belgium,BEL,2014,93
Belgium,BEL,2015,94
Belgium,BEL,2016,94
Belgium,BEL,2017,94
Belgium,BEL,2018,94
Belgium,BEL,2019,94
Belgium,BEL,2020,94
Belgium,BEL,2021,94
Belgium,BEL,2022,94
Belgium,BEL,2023,94
Belgium,BEL,2024,94
Belize,BLZ,2024,39
Benin,BEN,2011,36
Benin,BEN,2012,67
Benin,BEN,2013,70
Benin,BEN,2014,69
Benin,BEN,2015,72
Benin,BEN,2016,73
Benin,BEN,2017,72
Benin,BEN,2018,72
Benin,BEN,2019,71
Benin,BEN,2020,70
Benin,BEN,2021,70
Benin,BEN,2022,69
Benin,BEN,2023,70
Benin,BEN,2024,64
Bhutan,BTN,2019,26
Bhutan,BTN,2020,90
Bhutan,BTN,2021,95
Bhutan,BTN,2022,97
Bhutan,BTN,2023,99
Bhutan,BTN,2024,98
Bolivia,BOL,2014,56
Bolivia,BOL,2015,86
Bolivia,BOL,2016,87
Bolivia,BOL,2017,83
Bolivia,BOL,2018,83
Bolivia,BOL,2019,75
Bolivia,BOL,2020,68
Bolivia,BOL,2021,70
Bolivia,BOL,2022,69
Bolivia,BOL,2023,68
Bolivia,BOL,2024,59
Botswana,BWA,2012,52
Botswana,BWA,2013,72
Botswana,BWA,2014,95
Botswana,BWA,2015,94
Botswana,BWA,2016,92
Botswana,BWA,2017,91
Botswana,BWA,2018,93
Botswana,BWA,2019,95
Botswana,BWA,2020,94
Botswana,BWA,2021,90
Botswana,BWA,2022,73
Botswana,BWA,2023,86
Botswana,BWA,2024,95
Brazil,BRA,2010,24
Brazil,BRA,2011,82
Brazil,BRA,2012,88
Brazil,BRA,2013,94
Brazil,BRA,2014,93
Brazil,BRA,2015,94
Brazil,BRA,2016,84
Brazil,BRA,2017,82
Brazil,BRA,2018,80
Brazil,BRA,2019,78
Brazil,BRA,2020,79
Brazil,BRA,2021,69
Brazil,BRA,2022,72
Brazil,BRA,2023,74
Brazil,BRA,2024,86
Bulgaria,BGR,2010,69
Bulgaria,BGR,2011,94
Bulgaria,BGR,2012,94
Bulgaria,BGR,2013,94
Bulgaria,BGR,2014,92
Bulgaria,BGR,2015,90
Bulgaria,BGR,2016,90
Bulgaria,BGR,2017,91
Bulgaria,BGR,2018,89
Bulgaria,BGR,2019,88
Bulgaria,BGR,2020,85
Bulgaria,BGR,2021,86
Bulgaria,BGR,2022,87
Bulgaria,BGR,2023,87
Bulgaria,BGR,2024,91
Burkina Faso,BFA,2014,91
Burkina Faso,BFA,2015,91
Burkina Faso,BFA,2016,91
Burkina Faso,BFA,2017,91
Burkina Faso,BFA,2018,91
Burkina Faso,BFA,2019,91
Burkina Faso,BFA,2020,91
Burkina Faso,BFA,2021,66
Burkina Faso,BFA,2022,91
Burkina Faso,BFA,2023,91
Burkina Faso,BFA,2024,91
Burundi,BDI,2011,14
Burundi,BDI,2012,96
Burundi,BDI,2013,96
Burundi,BDI,2014,95
Burundi,BDI,2015,94
Burundi,BDI,2016,94
Burundi,BDI,2017,91
Burundi,BDI,2018,90
Burundi,BDI,2019,93
Burundi,BDI,2020,93
Burundi,BDI,2021,94
Burundi,BDI,2022,91
Burundi,BDI,2023,88
Burundi,BDI,2024,88
Cambodia,KHM,2015,68
Cambodia,KHM,2016,87
Cambodia,KHM,2017,81
Cambodia,KHM,2018,83
Cambodia,KHM,2019,88
Cambodia,KHM,2020,86
Cambodia,KHM,2021,86
Cambodia,KHM,2022,84
Cambodia,KHM,2023,82
Cambodia,KHM,2024,83
Cameroon,CMR,2011,23
Cameroon,CMR,2012,84
Cameroon,CMR,2013,75
Cameroon,CMR,2014,77
Cameroon,CMR,2015,77
Cameroon,CMR,2016,78
Cameroon,CMR,2017,73
Cameroon,CMR,2018,68
Cameroon,CMR,2019,67
Cameroon,CMR,2020,69
Cameroon,CMR,2021,70
Cameroon,CMR,2022,70
Cameroon,CMR,2023,75
Cameroon,CMR,2024,76
Canada,CAN,2008,42
Canada,CAN,2009,50
Canada,CAN,2010,58
Canada,CAN,2011,66
Canada,CAN,2012,73
Canada,CAN,2013,79
Canada,CAN,2014,79
Canada,CAN,2015,80
Canada,CAN,2016,80
Canada,CAN,2017,81
Canada,CAN,2018,81
Canada,CAN,2019,84
Canada,CAN,2020,84
Canada,CAN,2021,84
Canada,CAN,2022,85
Canada,CAN,2023,85
Canada,CAN,2024,85
Central African Republic,CAF,2011,8
Central African Republic,CAF,2012,47
Central African Republic,CAF,2013,23
Central African Republic,CAF,2014,45
Central African Republic,CAF,2015,44
Central African Republic,CAF,2016,43
Central African Republic,CAF,2017,41
Central African Republic,CAF,2018,39
Central African Republic,CAF,2019,37
Central African Republic,CAF,2020,36
Central African Republic,CAF,2021,34
Central African Republic,CAF,2022,32
Central African Republic,CAF,2023,39
Central African Republic,CAF,2024,42
Chile,CHL,2011,54
Chile,CHL,2012,82
Chile,CHL,2013,79
Chile,CHL,2014,92
Chile,CHL,2015,90
Chile,CHL,2016,93
Chile,CHL,2017,93
Chile,CHL,2018,93
Chile,CHL,2019,95
Chile,CHL,2020,89
Chile,CHL,2021,92
Chile,CHL,2022,93
Chile,CHL,2023,93
Chile,CHL,2024,93
Colombia,COL,2010,22
Colombia,COL,2011,46
Colombia,COL,2012,84
Colombia,COL,2013,87
Colombia,COL,2014,89
Colombia,COL,2015,91
Colombia,COL,2016,89
Colombia,COL,2017,91
Colombia,COL,2018,94
Colombia,COL,2019,93
Colombia,COL,2020,89
Colombia,COL,2021,84
Colombia,COL,2022,85
Colombia,COL,2023,90
Colombia,COL,2024,91
Congo,COG,2012,10
Congo,COG,2013,85
Congo,COG,2014,85
Congo,COG,2015,80
Congo,COG,2016,67
Congo,COG,2017,66
Congo,COG,2018,73
Congo,COG,2019,68
Congo,COG,2020,71
Congo,COG,2021,75
Congo,COG,2022,76
Congo,COG,2023,76
Congo,COG,2024,76
Cook Islands,COK,2022,43
Cook Islands,COK,2023,77
Cook Islands,COK,2024,52
Costa Rica,CRI,2009,48
Costa Rica,CRI,2010,94
Costa Rica,CRI,2011,68
Costa Rica,CRI,2012,89
Costa Rica,CRI,2013,93
Costa Rica,CRI,2014,83
Costa Rica,CRI,2015,94
Costa Rica,CRI,2016,94
Costa Rica,CRI,2017,96
Costa Rica,CRI,2018,96
Costa Rica,CRI,2019,95
Costa Rica,CRI,2020,94
Costa Rica,CRI,2021,87
Costa Rica,CRI,2022,92
Costa Rica,CRI,2023,99
Costa Rica,CRI,2024,99
Cote d'Ivoire,CIV,2014,2
Cote d'Ivoire,CIV,2015,70
Cote d'Ivoire,CIV,2016,80
Cote d'Ivoire,CIV,2017,81
Cote d'Ivoire,CIV,2018,83
Cote d'Ivoire,CIV,2019,78
Cote d'Ivoire,CIV,2020,71
Cote d'Ivoire,CIV,2021,64
Cote d'Ivoire,CIV,2022,68
Cote d'Ivoire,CIV,2023,79
Cote d'Ivoire,CIV,2024,75
Croatia,HRV,2021,75
Croatia,HRV,2022,90
Croatia,HRV,2023,90
Croatia,HRV,2024,89
Cyprus,CYP,2015,81
Cyprus,CYP,2016,81
Cyprus,CYP,2017,81
Cyprus,CYP,2018,81
Cyprus,CYP,2019,81
Cyprus,CYP,2020,81
Cyprus,CYP,2021,81
Cyprus,CYP,2022,81
Cyprus,CYP,2023,74
Cyprus,CYP,2024,82
Democratic Republic of Congo,COD,2011,3
Democratic Republic of Congo,COD,2012,23
Democratic Republic of Congo,COD,2013,34
Democratic Republic of Congo,COD,2014,48
Democratic Republic of Congo,COD,2015,64
Democratic Republic of Congo,COD,2016,66
Democratic Republic of Congo,COD,2017,69
Democratic Republic of Congo,COD,2018,70
Democratic Republic of Congo,COD,2019,72
Democratic Republic of Congo,COD,2020,69
Democratic Republic of Congo,COD,2021,63
Democratic Republic of Congo,COD,2022,64
Democratic Republic of Congo,COD,2023,59
Democratic Republic of Congo,COD,2024,63
Denmark,DNK,2009,86
Denmark,DNK,2010,88
Denmark,DNK,2011,90
Denmark,DNK,2012,93
Denmark,DNK,2013,94
Denmark,DNK,2014,93
Denmark,DNK,2015,91
Denmark,DNK,2016,94
Denmark,DNK,2017,97
Denmark,DNK,2018,96
Denmark,DNK,2019,97
Denmark,DNK,2020,96
Denmark,DNK,2021,96
Denmark,DNK,2022,96
Denmark,DNK,2023,97
Denmark,DNK,2024,96
Djibouti,DJI,2013,82
Djibouti,DJI,2014,78
Djibouti,DJI,2015,82
Djibouti,DJI,2016,68
Djibouti,DJI,2017,76
Djibouti,DJI,2018,84
Djibouti,DJI,2019,85
Djibouti,DJI,2020,70
Djibouti,DJI,2021,59
Djibouti,DJI,2022,59
Djibouti,DJI,2023,72
Djibouti,DJI,2024,76
Dominican Republic,DOM,2014,27
Dominican Republic,DOM,2015,22
Dominican Republic,DOM,2016,30
Dominican Republic,DOM,2017,64
Dominican Republic,DOM,2018,66
Dominican Republic,DOM,2019,67
Dominican Republic,DOM,2020,69
Dominican Republic,DOM,2021,76
Dominican Republic,DOM,2022,73
Dominican Republic,DOM,2023,86
Dominican Republic,DOM,2024,87
East Asia and the Pacific (UNICEF),,2008,0
East Asia and the Pacific (UNICEF),,2009,0
East Asia and the Pacific (UNICEF),,2010,0
East Asia and the Pacific (UNICEF),,2011,0
East Asia and the Pacific (UNICEF),,2012,0
East Asia and the Pacific (UNICEF),,2013,0
East Asia and the Pacific (UNICEF),,2014,3
East Asia and the Pacific (UNICEF),,2015,3
East Asia and the Pacific (UNICEF),,2016,5
East Asia and the Pacific (UNICEF),,2017,7
East Asia and the Pacific (UNICEF),,2018,9
East Asia and the Pacific (UNICEF),,2019,11
East Asia and the Pacific (UNICEF),,2020,13
East Asia and the Pacific (UNICEF),,2021,11
East Asia and the Pacific (UNICEF),,2022,16
East Asia and the Pacific (UNICEF),,2023,23
East Asia and the Pacific (UNICEF),,2024,30
East Timor,TLS,2023,56
East Timor,TLS,2024,81
Eastern Mediterranean (WHO),,2008,0
Eastern Mediterranean (WHO),,2009,4
Eastern Mediterranean (WHO),,2010,4
Eastern Mediterranean (WHO),,2011,7
Eastern Mediterranean (WHO),,2012,11
Eastern Mediterranean (WHO),,2013,36
Eastern Mediterranean (WHO),,2014,46
Eastern Mediterranean (WHO),,2015,51
Eastern Mediterranean (WHO),,2016,50
Eastern Mediterranean (WHO),,2017,55
Eastern Mediterranean (WHO),,2018,55
Eastern Mediterranean (WHO),,2019,56
Eastern Mediterranean (WHO),,2020,54
Eastern Mediterranean (WHO),,2021,53
Eastern Mediterranean (WHO),,2022,54
Eastern Mediterranean (WHO),,2023,52
Eastern Mediterranean (WHO),,2024,53
Eastern and Southern Africa (UNICEF),,2008,0
Eastern and Southern Africa (UNICEF),,2009,1
Eastern and Southern Africa (UNICEF),,2010,7
Eastern and Southern Africa (UNICEF),,2011,18
Eastern and Southern Africa (UNICEF),,2012,29
Eastern and Southern Africa (UNICEF),,2013,51
Eastern and Southern Africa (UNICEF),,2014,67
Eastern and Southern Africa (UNICEF),,2015,69
Eastern and Southern Africa (UNICEF),,2016,72
Eastern and Southern Africa (UNICEF),,2017,74
Eastern and Southern Africa (UNICEF),,2018,76
Eastern and Southern Africa (UNICEF),,2019,76
Eastern and Southern Africa (UNICEF),,2020,74
Eastern and Southern Africa (UNICEF),,2021,71
Eastern and Southern Africa (UNICEF),,2022,70
Eastern and Southern Africa (UNICEF),,2023,73
Eastern and Southern Africa (UNICEF),,2024,74
Ecuador,ECU,2010,17
Ecuador,ECU,2011,71
Ecuador,ECU,2012,94
Ecuador,ECU,2013,90
Ecuador,ECU,2014,86
Ecuador,ECU,2015,81
Ecuador,ECU,2016,84
Ecuador,ECU,2017,84
Ecuador,ECU,2018,85
Ecuador,ECU,2019,83
Ecuador,ECU,2020,76
Ecuador,ECU,2021,62
Ecuador,ECU,2022,71
Ecuador,ECU,2023,71
Ecuador,ECU,2024,71
El Salvador,SLV,2010,66
El Salvador,SLV,2011,95
El Salvador,SLV,2012,94
El Salvador,SLV,2013,92
El Salvador,SLV,2014,88
El Salvador,SLV,2015,99
El Salvador,SLV,2016,97
El Salvador,SLV,2017,96
El Salvador,SLV,2018,87
El Salvador,SLV,2019,96
El Salvador,SLV,2020,93
El Salvador,SLV,2021,92
El Salvador,SLV,2022,90
El Salvador,SLV,2023,99
El Salvador,SLV,2024,96
Eritrea,ERI,2016,95
Eritrea,ERI,2017,95
Eritrea,ERI,2018,95
Eritrea,ERI,2019,95
Eritrea,ERI,2020,95
Eritrea,ERI,2021,95
Eritrea,ERI,2022,95
Eritrea,ERI,2023,95
Eritrea,ERI,2024,95
Eswatini,SWZ,2014,67
Eswatini,SWZ,2015,90
Eswatini,SWZ,2016,90
Eswatini,SWZ,2017,87
Eswatini,SWZ,2018,88
Eswatini,SWZ,2019,87
Eswatini,SWZ,2020,83
Eswatini,SWZ,2021,63
Eswatini,SWZ,2022,96
Eswatini,SWZ,2023,66
Eswatini,SWZ,2024,78
Ethiopia,ETH,2011,12
Ethiopia,ETH,2012,30
Ethiopia,ETH,2013,48
Ethiopia,ETH,2014,55
Ethiopia,ETH,2015,58
Ethiopia,ETH,2016,61
Ethiopia,ETH,2017,64
Ethiopia,ETH,2018,62
Ethiopia,ETH,2019,63
Ethiopia,ETH,2020,65
Ethiopia,ETH,2021,63
Ethiopia,ETH,2022,63
Ethiopia,ETH,2023,70
Ethiopia,ETH,2024,73
Europe,,2008,12.046194
Europe,,2009,18.014881
Europe,,2010,37.45206
Europe,,2011,40.548943
Europe,,2012,42.969563
Europe,,2013,43.004818
Europe,,2014,43.491177
Europe,,2015,44.44851
Europe,,2016,53.87234
Europe,,2017,67.55211
Europe,,2018,74.53083
Europe,,2019,79.23402
Europe,,2020,79.85302
Europe,,2021,80.7473
Europe,,2022,80.7542
Europe,,2023,81.54207
Europe (WHO),,2008,8
Europe (WHO),,2009,23
Europe (WHO),,2010,37
Europe (WHO),,2011,41
Europe (WHO),,2012,43
Europe (WHO),,2013,44
Europe (WHO),,2014,46
Europe (WHO),,2015,48
Europe (WHO),,2016,56
Europe (WHO),,2017,72
Europe (WHO),,2018,77
Europe (WHO),,2019,81
Europe (WHO),,2020,80
Europe (WHO),,2021,83
Europe (WHO),,2022,84
Europe (WHO),,2023,85
Europe (WHO),,2024,86
Fiji,FJI,2013,87
Fiji,FJI,2014,99
Fiji,FJI,2015,99
Fiji,FJI,2016,93
Fiji,FJI,2017,90
Fiji,FJI,2018,94
Fiji,FJI,2019,96
Fiji,FJI,2020,97
Fiji,FJI,2021,97
Fiji,FJI,2022,96
Fiji,FJI,2023,96
Fiji,FJI,2024,92
Finland,FIN,2010,92
Finland,FIN,2011,92
Finland,FIN,2012,92
Finland,FIN,2013,92
Finland,FIN,2014,92
Finland,FIN,2015,92
Finland,FIN,2016,87
Finland,FIN,2017,85
Finland,FIN,2018,88
Finland,FIN,2019,89
Finland,FIN,2020,86
Finland,FIN,2021,82
Finland,FIN,2022,87
Finland,FIN,2023,87
Finland,FIN,2024,87
France,FRA,2010,89
France,FRA,2011,89
France,FRA,2012,89
France,FRA,2013,89
France,FRA,2014,89
France,FRA,2015,91
France,FRA,2016,92
France,FRA,2017,92
France,FRA,2018,92
France,FRA,2019,93
France,FRA,2020,95
France,FRA,2021,95
France,FRA,2022,96
France,FRA,2023,96
France,FRA,2024,96
Gambia,GMB,2010,99
Gambia,GMB,2011,95
Gambia,GMB,2012,98
Gambia,GMB,2013,96
Gambia,GMB,2014,96
Gambia,GMB,2015,97
Gambia,GMB,2016,95
Gambia,GMB,2017,90
Gambia,GMB,2018,93
Gambia,GMB,2019,87
Gambia,GMB,2020,83
Gambia,GMB,2021,78
Gambia,GMB,2022,75
Gambia,GMB,2023,80
Gambia,GMB,2024,80
Georgia,GEO,2015,16
Georgia,GEO,2016,75
Georgia,GEO,2017,80
Georgia,GEO,2018,81
Georgia,GEO,2019,84
Georgia,GEO,2020,82
Georgia,GEO,2021,82
Georgia,GEO,2022,79
Georgia,GEO,2023,86
Georgia,GEO,2024,82
Germany,DEU,2008,68
Germany,DEU,2009,84
Germany,DEU,2010,85
Germany,DEU,2011,86
Germany,DEU,2012,84
Germany,DEU,2013,84
Germany,DEU,2014,82
Germany,DEU,2015,83
Germany,DEU,2016,82
Germany,DEU,2017,82
Germany,DEU,2018,82
Germany,DEU,2019,82
Germany,DEU,2020,82
Germany,DEU,2021,82
Germany,DEU,2022,72
Germany,DEU,2023,74
Germany,DEU,2024,75
Ghana,GHA,2012,43
Ghana,GHA,2013,89
Ghana,GHA,2014,99
Ghana,GHA,2015,88
Ghana,GHA,2016,93
Ghana,GHA,2017,99
Ghana,GHA,2018,96
Ghana,GHA,2019,97
Ghana,GHA,2020,95
Ghana,GHA,2021,98
Ghana,GHA,2022,99
Ghana,GHA,2023,96
Ghana,GHA,2024,96
Greece,GRC,2012,32
Greece,GRC,2013,32
Greece,GRC,2014,96
Greece,GRC,2015,96
Greece,GRC,2016,96
Greece,GRC,2017,96
Greece,GRC,2018,96
Greece,GRC,2019,96
Greece,GRC,2020,96
Greece,GRC,2021,96
Greece,GRC,2022,93
Greece,GRC,2023,90
Greece,GRC,2024,90
Guatemala,GTM,2013,72
Guatemala,GTM,2014,62
Guatemala,GTM,2015,80
Guatemala,GTM,2016,90
Guatemala,GTM,2017,93
Guatemala,GTM,2018,90
Guatemala,GTM,2019,88
Guatemala,GTM,2020,87
Guatemala,GTM,2021,79
Guatemala,GTM,2022,84
Guatemala,GTM,2023,87
Guatemala,GTM,2024,89
Guinea-Bissau,GNB,2015,10
Guinea-Bissau,GNB,2016,83
Guinea-Bissau,GNB,2017,79
Guinea-Bissau,GNB,2018,82
Guinea-Bissau,GNB,2019,78
Guinea-Bissau,GNB,2020,74
Guinea-Bissau,GNB,2021,67
Guinea-Bissau,GNB,2022,74
Guinea-Bissau,GNB,2023,74
Guinea-Bissau,GNB,2024,74
Guyana,GUY,2011,50
Guyana,GUY,2012,90
Guyana,GUY,2013,96
Guyana,GUY,2014,97
Guyana,GUY,2015,94
Guyana,GUY,2016,92
Guyana,GUY,2017,97
Guyana,GUY,2018,91
Guyana,GUY,2019,98
Guyana,GUY,2020,89
Guyana,GUY,2021,99
Guyana,GUY,2022,95
Guyana,GUY,2023,98
Guyana,GUY,2024,98
Haiti,HTI,2018,0
Haiti,HTI,2019,27
Haiti,HTI,2020,53
Haiti,HTI,2021,45
Haiti,HTI,2022,48
Haiti,HTI,2023,47
Haiti,HTI,2024,45
High-income countries,,2008,35
High-income countries,,2009,42
High-income countries,,2010,54
High-income countries,,2011,65
High-income countries,,2012,67
High-income countries,,2013,68
High-income countries,,2014,69
High-income countries,,2015,72
High-income countries,,2016,77
High-income countries,,2017,84
High-income countries,,2018,87
High-income countries,,2019,90
High-income countries,,2020,87
High-income countries,,2021,87
High-income countries,,2022,88
High-income countries,,2023,88
High-income countries,,2024,87
Honduras,HND,2011,78
Honduras,HND,2012,97
Honduras,HND,2013,99
Honduras,HND,2014,99
Honduras,HND,2015,99
Honduras,HND,2016,94
Honduras,HND,2017,90
Honduras,HND,2018,91
Honduras,HND,2019,88
Honduras,HND,2020,80
Honduras,HND,2021,77
Honduras,HND,2022,78
Honduras,HND,2023,73
Honduras,HND,2024,75
Hungary,HUN,2011,84
Hungary,HUN,2012,90
Hungary,HUN,2013,92
Hungary,HUN,2014,93
Hungary,HUN,2015,94
Hungary,HUN,2016,98
Hungary,HUN,2017,99
Hungary,HUN,2018,99
Hungary,HUN,2019,99
Hungary,HUN,2020,99
Hungary,HUN,2021,99
Hungary,HUN,2022,99
Hungary,HUN,2023,99
Hungary,HUN,2024,99
Iceland,ISL,2012,86
Iceland,ISL,2013,89
Iceland,ISL,2014,90
Iceland,ISL,2015,91
Iceland,ISL,2016,90
Iceland,ISL,2017,88
Iceland,ISL,2018,90
Iceland,ISL,2019,92
Iceland,ISL,2020,93
Iceland,ISL,2021,92
Iceland,ISL,2022,84
Iceland,ISL,2023,92
Iceland,ISL,2024,93
India,IND,2018,6
India,IND,2019,15
India,IND,2020,21
India,IND,2021,25
India,IND,2022,66
India,IND,2023,83
India,IND,2024,95
Indonesia,IDN,2018,0
Indonesia,IDN,2019,3
Indonesia,IDN,2020,4
Indonesia,IDN,2021,1
Indonesia,IDN,2022,6
Indonesia,IDN,2023,31
Indonesia,IDN,2024,70
Iran,IRN,2024,0
Iraq,IRQ,2017,33
Iraq,IRQ,2018,33
Iraq,IRQ,2019,37
Iraq,IRQ,2020,0
Iraq,IRQ,2021,0
Iraq,IRQ,2022,0
Iraq,IRQ,2023,14
Iraq,IRQ,2024,65
Ireland,IRL,2010,43
Ireland,IRL,2011,90
Ireland,IRL,2012,91
Ireland,IRL,2013,91
Ireland,IRL,2014,92
Ireland,IRL,2015,92
Ireland,IRL,2016,91
Ireland,IRL,2017,91
Ireland,IRL,2018,90
Ireland,IRL,2019,86
Ireland,IRL,2020,87
Ireland,IRL,2021,85
Ireland,IRL,2022,84
Ireland,IRL,2023,83
Ireland,IRL,2024,84
Israel,ISR,2011,92
Israel,ISR,2012,93
Israel,ISR,2013,94
Israel,ISR,2014,94
Israel,ISR,2015,94
Israel,ISR,2016,93
Israel,ISR,2017,94
Israel,ISR,2018,95
Israel,ISR,2019,95
Israel,ISR,2020,94
Israel,ISR,2021,95
Israel,ISR,2022,94
Israel,ISR,2023,94
Israel,ISR,2024,94
Italy,ITA,2008,60
Italy,ITA,2009,66
Italy,ITA,2010,71
Italy,ITA,2011,76
Italy,ITA,2012,82
Italy,ITA,2013,87
Italy,ITA,2014,87
Italy,ITA,2015,89
Italy,ITA,2016,88
Italy,ITA,2017,91
Italy,ITA,2018,92
Italy,ITA,2019,92
Italy,ITA,2020,91
Italy,ITA,2021,91
Italy,ITA,2022,92
Italy,ITA,2023,92
Italy,ITA,2024,90
Japan,JPN,2011,98
Japan,JPN,2012,98
Japan,JPN,2013,98
Japan,JPN,2014,98
Japan,JPN,2015,96
Japan,JPN,2016,99
Japan,JPN,2017,99
Japan,JPN,2018,98
Japan,JPN,2019,97
Japan,JPN,2020,95
Japan,JPN,2021,96
Japan,JPN,2022,97
Japan,JPN,2023,97
Japan,JPN,2024,91
Kazakhstan,KAZ,2012,37
Kazakhstan,KAZ,2013,52
Kazakhstan,KAZ,2014,58
Kazakhstan,KAZ,2015,74
Kazakhstan,KAZ,2016,97
Kazakhstan,KAZ,2017,98
Kazakhstan,KAZ,2018,95
Kazakhstan,KAZ,2019,89
Kazakhstan,KAZ,2020,89
Kazakhstan,KAZ,2021,93
Kazakhstan,KAZ,2022,98
Kazakhstan,KAZ,2023,98
Kazakhstan,KAZ,2024,90
Kenya,KEN,2011,85
Kenya,KEN,2012,82
Kenya,KEN,2013,77
Kenya,KEN,2014,84
Kenya,KEN,2015,80
Kenya,KEN,2016,83
Kenya,KEN,2017,78
Kenya,KEN,2018,89
Kenya,KEN,2019,93
Kenya,KEN,2020,92
Kenya,KEN,2021,94
Kenya,KEN,2022,93
Kenya,KEN,2023,91
Kenya,KEN,2024,89
Kiribati,KIR,2013,40
Kiribati,KIR,2014,57
Kiribati,KIR,2015,78
Kiribati,KIR,2016,79
Kiribati,KIR,2017,91
Kiribati,KIR,2018,94
Kiribati,KIR,2019,97
Kiribati,KIR,2020,91
Kiribati,KIR,2021,90
Kiribati,KIR,2022,91
Kiribati,KIR,2023,91
Kiribati,KIR,2024,93
Kuwait,KWT,2008,99
Kuwait,KWT,2009,99
Kuwait,KWT,2010,98
Kuwait,KWT,2011,99
Kuwait,KWT,2012,99
Kuwait,KWT,2013,99
Kuwait,KWT,2014,94
Kuwait,KWT,2015,99
Kuwait,KWT,2016,99
Kuwait,KWT,2017,99
Kuwait,KWT,2018,91
Kuwait,KWT,2019,93
Kuwait,KWT,2020,94
Kuwait,KWT,2021,96
Kuwait,KWT,2022,99
Kuwait,KWT,2023,99
Kuwait,KWT,2024,96
Kyrgyzstan,KGZ,2017,88
Kyrgyzstan,KGZ,2018,92
Kyrgyzstan,KGZ,2019,96
Kyrgyzstan,KGZ,2020,90
Kyrgyzstan,KGZ,2021,90
Kyrgyzstan,KGZ,2022,92
Kyrgyzstan,KGZ,2023,91
Kyrgyzstan,KGZ,2024,86
Laos,LAO,2014,68
Laos,LAO,2015,71
Laos,LAO,2016,78
Laos,LAO,2017,76
Laos,LAO,2018,74
Laos,LAO,2019,62
Laos,LAO,2020,58
Laos,LAO,2021,60
Laos,LAO,2022,64
Laos,LAO,2023,67
Laos,LAO,2024,63
Latin America and the Caribbean (UNICEF),,2008,3
Latin America and the Caribbean (UNICEF),,2009,11
Latin America and the Caribbean (UNICEF),,2010,35
Latin America and the Caribbean (UNICEF),,2011,60
Latin America and the Caribbean (UNICEF),,2012,71
Latin America and the Caribbean (UNICEF),,2013,76
Latin America and the Caribbean (UNICEF),,2014,80
Latin America and the Caribbean (UNICEF),,2015,82
Latin America and the Caribbean (UNICEF),,2016,79
Latin America and the Caribbean (UNICEF),,2017,78
Latin America and the Caribbean (UNICEF),,2018,78
Latin America and the Caribbean (UNICEF),,2019,77
Latin America and the Caribbean (UNICEF),,2020,74
Latin America and the Caribbean (UNICEF),,2021,71
Latin America and the Caribbean (UNICEF),,2022,73
Latin America and the Caribbean (UNICEF),,2023,73
Latin America and the Caribbean (UNICEF),,2024,76
Latvia,LVA,2011,76
Latvia,LVA,2012,55
Latvia,LVA,2013,87
Latvia,LVA,2014,84
Latvia,LVA,2015,85
Latvia,LVA,2016,84
Latvia,LVA,2017,87
Latvia,LVA,2018,84
Latvia,LVA,2019,84
Latvia,LVA,2020,91
Latvia,LVA,2021,92
Latvia,LVA,2022,87
Latvia,LVA,2023,95
Latvia,LVA,2024,92
Lebanon,LBN,2017,82
Lebanon,LBN,2018,82
Lebanon,LBN,2019,82
Lebanon,LBN,2020,74
Lebanon,LBN,2021,67
Lebanon,LBN,2022,67
Lebanon,LBN,2023,67
Lebanon,LBN,2024,67
Lesotho,LSO,2015,29
Lesotho,LSO,2016,66
Lesotho,LSO,2017,82
Lesotho,LSO,2018,83
Lesotho,LSO,2019,95
Lesotho,LSO,2020,95
Lesotho,LSO,2021,95
Lesotho,LSO,2022,93
Lesotho,LSO,2023,90
Lesotho,LSO,2024,86
Liberia,LBR,2014,25
Liberia,LBR,2015,36
Liberia,LBR,2016,73
Liberia,LBR,2017,78
Liberia,LBR,2018,78
Liberia,LBR,2019,68
Liberia,LBR,2020,65
Liberia,LBR,2021,65
Liberia,LBR,2022,74
Liberia,LBR,2023,80
Liberia,LBR,2024,80
Libya,LBY,2014,39
Libya,LBY,2015,71
Libya,LBY,2016,96
Libya,LBY,2017,95
Libya,LBY,2018,72
Libya,LBY,2019,73
Libya,LBY,2020,73
Libya,LBY,2021,73
Libya,LBY,2022,73
Libya,LBY,2023,73
Libya,LBY,2024,89
Lithuania,LTU,2016,82
Lithuania,LTU,2017,83
Lithuania,LTU,2018,82
Lithuania,LTU,2019,82
Lithuania,LTU,2020,83
Lithuania,LTU,2021,82
Lithuania,LTU,2022,81
Lithuania,LTU,2023,82
Lithuania,LTU,2024,87
Low-income countries,,2008,0
Low-income countries,,2009,0
Low-income countries,,2010,3
Low-income countries,,2011,9
Low-income countries,,2012,21
Low-income countries,,2013,31
Low-income countries,,2014,54
Low-income countries,,2015,61
Low-income countries,,2016,65
Low-income countries,,2017,67
Low-income countries,,2018,68
Low-income countries,,2019,68
Low-income countries,,2020,65
Low-income countries,,2021,61
Low-income countries,,2022,62
Low-income countries,,2023,59
Low-income countries,,2024,59
Lower-middle-income countries,,2008,0
Lower-middle-income countries,,2009,0
Lower-middle-income countries,,2010,0
Lower-middle-income countries,,2011,3
Lower-middle-income countries,,2012,5
Lower-middle-income countries,,2013,16
Lower-middle-income countries,,2014,21
Lower-middle-income countries,,2015,30
Lower-middle-income countries,,2016,35
Lower-middle-income countries,,2017,40
Lower-middle-income countries,,2018,43
Lower-middle-income countries,,2019,48
Lower-middle-income countries,,2020,51
Lower-middle-income countries,,2021,51
Lower-middle-income countries,,2022,67
Lower-middle-income countries,,2023,70
Lower-middle-income countries,,2024,75
Luxembourg,LUX,2008,86
Luxembourg,LUX,2009,86
Luxembourg,LUX,2010,86
Luxembourg,LUX,2011,86
Luxembourg,LUX,2012,95
Luxembourg,LUX,2013,95
Luxembourg,LUX,2014,95
Luxembourg,LUX,2015,95
Luxembourg,LUX,2016,95
Luxembourg,LUX,2017,95
Luxembourg,LUX,2018,96
Luxembourg,LUX,2019,96
Luxembourg,LUX,2020,96
Luxembourg,LUX,2021,96
Luxembourg,LUX,2022,97
Luxembourg,LUX,2023,97
Luxembourg,LUX,2024,97
Madagascar,MDG,2013,76
Madagascar,MDG,2014,68
Madagascar,MDG,2015,62
Madagascar,MDG,2016,65
Madagascar,MDG,2017,63
Madagascar,MDG,2018,73
Madagascar,MDG,2019,69
Madagascar,MDG,2020,67
Madagascar,MDG,2021,56
Madagascar,MDG,2022,57
Madagascar,MDG,2023,64
Madagascar,MDG,2024,64
Malawi,MWI,2012,99
Malawi,MWI,2013,89
Malawi,MWI,2014,87
Malawi,MWI,2015,88
Malawi,MWI,2016,83
Malawi,MWI,2017,88
Malawi,MWI,2018,92
Malawi,MWI,2019,95
Malawi,MWI,2020,93
Malawi,MWI,2021,93
Malawi,MWI,2022,87
Malawi,MWI,2023,91
Malawi,MWI,2024,92
Malaysia,MYS,2021,76
Malaysia,MYS,2022,86
Malaysia,MYS,2023,95
Malaysia,MYS,2024,90
Mali,MLI,2011,56
Mali,MLI,2012,58
Mali,MLI,2013,59
Mali,MLI,2014,63
Mali,MLI,2015,67
Mali,MLI,2016,71
Mali,MLI,2017,74
Mali,MLI,2018,74
Mali,MLI,2019,74
Mali,MLI,2020,66
Mali,MLI,2021,77
Mali,MLI,2022,70
Mali,MLI,2023,80
Mali,MLI,2024,83
Malta,MLT,2021,64
Malta,MLT,2022,45
Malta,MLT,2023,71
Malta,MLT,2024,97
Marshall Islands,MHL,2009,49
Marshall Islands,MHL,2010,24
Marshall Islands,MHL,2011,35
Marshall Islands,MHL,2012,46
Marshall Islands,MHL,2013,38
Marshall Islands,MHL,2014,29
Marshall Islands,MHL,2015,75
Marshall Islands,MHL,2016,65
Marshall Islands,MHL,2017,72
Marshall Islands,MHL,2018,67
Marshall Islands,MHL,2019,63
Marshall Islands,MHL,2020,38
Marshall Islands,MHL,2021,61
Marshall Islands,MHL,2022,29
Marshall Islands,MHL,2023,62
Marshall Islands,MHL,2024,62
Mauritania,MRT,2013,1
Mauritania,MRT,2014,71
Mauritania,MRT,2015,71
Mauritania,MRT,2016,71
Mauritania,MRT,2017,72
Mauritania,MRT,2018,72
Mauritania,MRT,2019,76
Mauritania,MRT,2020,82
Mauritania,MRT,2021,77
Mauritania,MRT,2022,85
Mauritania,MRT,2023,90
Mauritania,MRT,2024,85
Mauritius,MUS,2016,10
Mauritius,MUS,2017,84
Mauritius,MUS,2018,96
Mauritius,MUS,2019,97
Mauritius,MUS,2020,96
Mauritius,MUS,2021,93
Mauritius,MUS,2022,97
Mauritius,MUS,2023,91
Mauritius,MUS,2024,95
Mexico,MEX,2008,14
Mexico,MEX,2009,46
Mexico,MEX,2010,92
Mexico,MEX,2011,98
Mexico,MEX,2012,99
Mexico,MEX,2013,84
Mexico,MEX,2014,94
Mexico,MEX,2015,93
Mexico,MEX,2016,92
Mexico,MEX,2017,92
Mexico,MEX,2018,88
Mexico,MEX,2019,86
Mexico,MEX,2020,77
Mexico,MEX,2021,83
Mexico,MEX,2022,84
Mexico,MEX,2023,78
Mexico,MEX,2024,76
Micronesia (country),FSM,2010,70
Micronesia (country),FSM,2011,63
Micronesia (country),FSM,2012,60
Micronesia (country),FSM,2013,61
Micronesia (country),FSM,2014,64
Micronesia (country),FSM,2015,67
Micronesia (country),FSM,2016,63
Micronesia (country),FSM,2017,65
Micronesia (country),FSM,2018,67
Micronesia (country),FSM,2019,73
Micronesia (country),FSM,2020,79
Micronesia (country),FSM,2021,70
Micronesia (country),FSM,2022,65
Micronesia (country),FSM,2023,73
Micronesia (country),FSM,2024,74
Middle East and North Africa (UNICEF),,2008,1
Middle East and North Africa (UNICEF),,2009,6
Middle East and North Africa (UNICEF),,2010,7
Middle East and North Africa (UNICEF),,2011,12
Middle East and North Africa (UNICEF),,2012,17
Middle East and North Africa (UNICEF),,2013,23
Middle East and North Africa (UNICEF),,2014,31
Middle East and North Africa (UNICEF),,2015,32
Middle East and North Africa (UNICEF),,2016,38
Middle East and North Africa (UNICEF),,2017,45
Middle East and North Africa (UNICEF),,2018,45
Middle East and North Africa (UNICEF),,2019,46
Middle East and North Africa (UNICEF),,2020,42
Middle East and North Africa (UNICEF),,2021,41
Middle East and North Africa (UNICEF),,2022,41
Middle East and North Africa (UNICEF),,2023,37
Middle East and North Africa (UNICEF),,2024,40
Middle-income countries,,2008,0
Middle-income countries,,2009,2
Middle-income countries,,2010,5
Middle-income countries,,2011,9
Middle-income countries,,2012,12
Middle-income countries,,2013,19
Middle-income countries,,2014,22
Middle-income countries,,2015,28
Middle-income countries,,2016,32
Middle-income countries,,2017,35
Middle-income countries,,2018,39
Middle-income countries,,2019,42
Middle-income countries,,2020,44
Middle-income countries,,2021,45
Middle-income countries,,2022,57
Middle-income countries,,2023,61
Middle-income countries,,2024,67
Moldova,MDA,2013,0
Moldova,MDA,2014,28
Moldova,MDA,2015,72
Moldova,MDA,2016,77
Moldova,MDA,2017,79
Moldova,MDA,2018,85
Moldova,MDA,2019,80
Moldova,MDA,2020,72
Moldova,MDA,2021,78
Moldova,MDA,2022,79
Moldova,MDA,2023,85
Moldova,MDA,2024,85
Mongolia,MNG,2017,13
Mongolia,MNG,2018,26
Mongolia,MNG,2019,49
Mongolia,MNG,2020,92
Mongolia,MNG,2021,95
Mongolia,MNG,2022,94
Mongolia,MNG,2023,96
Mongolia,MNG,2024,96
Morocco,MAR,2010,1
Morocco,MAR,2011,23
Morocco,MAR,2012,72
Morocco,MAR,2013,80
Morocco,MAR,2014,90
Morocco,MAR,2015,95
Morocco,MAR,2016,98
Morocco,MAR,2017,99
Morocco,MAR,2018,99
Morocco,MAR,2019,98
Morocco,MAR,2020,94
Morocco,MAR,2021,90
Morocco,MAR,2022,85
Morocco,MAR,2023,81
Morocco,MAR,2024,77
Mozambique,MOZ,2013,45
Mozambique,MOZ,2014,76
Mozambique,MOZ,2015,80
Mozambique,MOZ,2016,80
Mozambique,MOZ,2017,80
Mozambique,MOZ,2018,80
Mozambique,MOZ,2019,80
Mozambique,MOZ,2020,68
Mozambique,MOZ,2021,56
Mozambique,MOZ,2022,55
Mozambique,MOZ,2023,55
Mozambique,MOZ,2024,55
Myanmar,MMR,2016,14
Myanmar,MMR,2017,89
Myanmar,MMR,2018,91
Myanmar,MMR,2019,90
Myanmar,MMR,2020,86
Myanmar,MMR,2021,40
Myanmar,MMR,2022,57
Myanmar,MMR,2023,64
Myanmar,MMR,2024,71
Namibia,NAM,2015,81
Namibia,NAM,2016,84
Namibia,NAM,2017,67
Namibia,NAM,2018,61
Namibia,NAM,2019,57
Namibia,NAM,2020,78
Namibia,NAM,2021,79
Namibia,NAM,2022,85
Namibia,NAM,2023,83
Namibia,NAM,2024,76
Nauru,NRU,2021,59
Nauru,NRU,2022,97
Nauru,NRU,2023,97
Nauru,NRU,2024,97
Nepal,NPL,2015,5
Nepal,NPL,2016,46
Nepal,NPL,2017,80
Nepal,NPL,2018,82
Nepal,NPL,2019,83
Nepal,NPL,2020,80
Nepal,NPL,2021,84
Nepal,NPL,2022,83
Nepal,NPL,2023,88
Nepal,NPL,2024,96
Netherlands,NLD,2009,96
Netherlands,NLD,2010,96
Netherlands,NLD,2011,96
Netherlands,NLD,2012,96
Netherlands,NLD,2013,96
Netherlands,NLD,2014,95
Netherlands,NLD,2015,94
Netherlands,NLD,2016,94
Netherlands,NLD,2017,93
Netherlands,NLD,2018,93
Netherlands,NLD,2019,93
Netherlands,NLD,2020,93
Netherlands,NLD,2021,93
Netherlands,NLD,2022,90
Netherlands,NLD,2023,88
Netherlands,NLD,2024,88
New Zealand,NZL,2009,87
New Zealand,NZL,2010,89
New Zealand,NZL,2011,92
New Zealand,NZL,2012,92
New Zealand,NZL,2013,93
New Zealand,NZL,2014,93
New Zealand,NZL,2015,93
New Zealand,NZL,2016,93
New Zealand,NZL,2017,94
New Zealand,NZL,2018,96
New Zealand,NZL,2019,91
New Zealand,NZL,2020,92
New Zealand,NZL,2021,95
New Zealand,NZL,2022,86
New Zealand,NZL,2023,73
New Zealand,NZL,2024,60
Niger,NER,2014,13
Niger,NER,2015,49
Niger,NER,2016,76
Niger,NER,2017,85
Niger,NER,2018,79
Niger,NER,2019,81
Niger,NER,2020,81
Niger,NER,2021,82
Niger,NER,2022,84
Niger,NER,2023,85
Niger,NER,2024,86
Nigeria,NGA,2015,36
Nigeria,NGA,2016,49
Nigeria,NGA,2017,53
Nigeria,NGA,2018,59
Nigeria,NGA,2019,64
Nigeria,NGA,2020,60
Nigeria,NGA,2021,60
Nigeria,NGA,2022,59
Nigeria,NGA,2023,26
Nigeria,NGA,2024,28
Niue,NIU,2009,99
Niue,NIU,2010,99
Niue,NIU,2011,99
Niue,NIU,2012,99
Niue,NIU,2013,99
Niue,NIU,2014,99
Niue,NIU,2015,99
Niue,NIU,2016,99
Niue,NIU,2017,99
Niue,NIU,2018,99
Niue,NIU,2019,99
Niue,NIU,2020,99
Niue,NIU,2021,99
Niue,NIU,2022,99
Niue,NIU,2023,99
Niue,NIU,2024,99
North America,,2008,51.147224
North America,,2009,60.34108
North America,,2010,74.33384
North America,,2011,78.874084
North America,,2012,79.2835
North America,,2013,79.189285
North America,,2014,82.59825
North America,,2015,83.42
North America,,2016,83.71322
North America,,2017,84.221176
North America,,2018,83.01034
North America,,2019,83.356865
North America,,2020,76.519226
North America,,2021,77.60531
North America,,2022,79.17729
North America,,2023,78.067635
North Macedonia,MKD,2020,30
North Macedonia,MKD,2021,53
North Macedonia,MKD,2022,56
North Macedonia,MKD,2023,56
North Macedonia,MKD,2024,72
Norway,NOR,2008,86
Norway,NOR,2009,91
Norway,NOR,2010,91
Norway,NOR,2011,92
Norway,NOR,2012,93
Norway,NOR,2013,93
Norway,NOR,2014,91
Norway,NOR,2015,93
Norway,NOR,2016,94
Norway,NOR,2017,94
Norway,NOR,2018,94
Norway,NOR,2019,95
Norway,NOR,2020,96
Norway,NOR,2021,96
Norway,NOR,2022,95
Norway,NOR,2023,95
Norway,NOR,2024,95
Oceania,,2008,41.2561
Oceania,,2009,50.15683
Oceania,,2010,50.44295
Oceania,,2011,50.390244
Oceania,,2012,50.174812
Oceania,,2013,53.01866
Oceania,,2014,53.351913
Oceania,,2015,62.225136
Oceania,,2016,63.79575
Oceania,,2017,69.2016
Oceania,,2018,69.4422
Oceania,,2019,69.55176
Oceania,,2020,71.9578
Oceania,,2021,69.7109
Oceania,,2022,70.80296
Oceania,,2023,66.72781
Oman,OMN,2009,96
Oman,OMN,2010,99
Oman,OMN,2011,99
Oman,OMN,2012,99
Oman,OMN,2013,99
Oman,OMN,2014,98
Oman,OMN,2015,98
Oman,OMN,2016,99
Oman,OMN,2017,99
Oman,OMN,2018,99
Oman,OMN,2019,99
Oman,OMN,2020,99
Oman,OMN,2021,99
Oman,OMN,2022,97
Oman,OMN,2023,99
Oman,OMN,2024,99
Pakistan,PAK,2013,65
Pakistan,PAK,2014,68
Pakistan,PAK,2015,80
Pakistan,PAK,2016,78
Pakistan,PAK,2017,82
Pakistan,PAK,2018,82
Pakistan,PAK,2019,83
Pakistan,PAK,2020,82
Pakistan,PAK,2021,83
Pakistan,PAK,2022,85
Pakistan,PAK,2023,86
Pakistan,PAK,2024,87
Palau,PLW,2008,7
Palau,PLW,2009,18
Palau,PLW,2010,45
Palau,PLW,2011,61
Palau,PLW,2012,82
Palau,PLW,2013,93
Palau,PLW,2014,93
Palau,PLW,2015,95
Palau,PLW,2016,98
Palau,PLW,2017,89
Palau,PLW,2018,82
Palau,PLW,2019,74
Palau,PLW,2020,75
Palau,PLW,2021,77
Palau,PLW,2022,82
Palau,PLW,2023,93
Palau,PLW,2024,93
Palestine,PSE,2012,25
Palestine,PSE,2013,97
Palestine,PSE,2014,99
Palestine,PSE,2015,99
Palestine,PSE,2016,99
Palestine,PSE,2017,99
Palestine,PSE,2018,96
Palestine,PSE,2019,99
Palestine,PSE,2020,98
Palestine,PSE,2021,95
Palestine,PSE,2022,99
Palestine,PSE,2023,87
Palestine,PSE,2024,87
Panama,PAN,2010,48
Panama,PAN,2011,63
Panama,PAN,2012,76
Panama,PAN,2013,88
Panama,PAN,2014,91
Panama,PAN,2015,92
Panama,PAN,2016,94
Panama,PAN,2017,97
Panama,PAN,2018,97
Panama,PAN,2019,96
Panama,PAN,2020,74
Panama,PAN,2021,87
Panama,PAN,2022,84
Panama,PAN,2023,77
Panama,PAN,2024,83
Papua New Guinea,PNG,2015,20
Papua New Guinea,PNG,2016,20
Papua New Guinea,PNG,2017,36
Papua New Guinea,PNG,2018,35
Papua New Guinea,PNG,2019,35
Papua New Guinea,PNG,2020,41
Papua New Guinea,PNG,2021,34
Papua New Guinea,PNG,2022,38
Papua New Guinea,PNG,2023,29
Papua New Guinea,PNG,2024,41
Paraguay,PRY,2012,82
Paraguay,PRY,2013,90
Paraguay,PRY,2014,86
Paraguay,PRY,2015,90
Paraguay,PRY,2016,99
Paraguay,PRY,2017,93
Paraguay,PRY,2018,94
Paraguay,PRY,2019,89
Paraguay,PRY,2020,82
Paraguay,PRY,2021,62
Paraguay,PRY,2022,74
Paraguay,PRY,2023,77
Paraguay,PRY,2024,91
Peru,PER,2009,9
Peru,PER,2010,73
Peru,PER,2011,82
Peru,PER,2012,89
Peru,PER,2013,85
Peru,PER,2014,86
Peru,PER,2015,90
Peru,PER,2016,86
Peru,PER,2017,84
Peru,PER,2018,82
Peru,PER,2019,80
Peru,PER,2020,74
Peru,PER,2021,75
Peru,PER,2022,71
Peru,PER,2023,80
Peru,PER,2024,82
Philippines,PHL,2014,35
Philippines,PHL,2015,20
Philippines,PHL,2016,40
Philippines,PHL,2017,38
Philippines,PHL,2018,49
Philippines,PHL,2019,61
Philippines,PHL,2020,76
Philippines,PHL,2021,61
Philippines,PHL,2022,81
Philippines,PHL,2023,85
Philippines,PHL,2024,59
Poland,POL,2018,60
Poland,POL,2019,89
Poland,POL,2020,88
Poland,POL,2021,88
Poland,POL,2022,88
Poland,POL,2023,89
Poland,POL,2024,89
Portugal,PRT,2016,73
Portugal,PRT,2017,96
Portugal,PRT,2018,98
Portugal,PRT,2019,98
Portugal,PRT,2020,98
Portugal,PRT,2021,98
Portugal,PRT,2022,98
Portugal,PRT,2023,98
Portugal,PRT,2024,98
Qatar,QAT,2009,99
Qatar,QAT,2010,97
Qatar,QAT,2011,98
Qatar,QAT,2012,92
Qatar,QAT,2013,99
Qatar,QAT,2014,94
Qatar,QAT,2015,95
Qatar,QAT,2016,97
Qatar,QAT,2017,98
Qatar,QAT,2018,98
Qatar,QAT,2019,98
Qatar,QAT,2020,98
Qatar,QAT,2021,98
Qatar,QAT,2022,97
Qatar,QAT,2023,97
Qatar,QAT,2024,96
Romania,ROU,2019,88
Romania,ROU,2020,85
Romania,ROU,2021,85
Romania,ROU,2022,85
Romania,ROU,2023,78
Romania,ROU,2024,78
Russia,RUS,2016,35
Russia,RUS,2017,69
Russia,RUS,2018,82
Russia,RUS,2019,85
Russia,RUS,2020,87
Russia,RUS,2021,89
Russia,RUS,2022,92
Russia,RUS,2023,93
Russia,RUS,2024,94
Rwanda,RWA,2010,97
Rwanda,RWA,2011,97
Rwanda,RWA,2012,98
Rwanda,RWA,2013,98
Rwanda,RWA,2014,98
Rwanda,RWA,2015,98
Rwanda,RWA,2016,98
Rwanda,RWA,2017,98
Rwanda,RWA,2018,97
Rwanda,RWA,2019,98
Rwanda,RWA,2020,91
Rwanda,RWA,2021,88
Rwanda,RWA,2022,97
Rwanda,RWA,2023,94
Rwanda,RWA,2024,98
Samoa,WSM,2021,3
Samoa,WSM,2022,36
Samoa,WSM,2023,93
Samoa,WSM,2024,75
San Marino,SMR,2016,53
San Marino,SMR,2017,56
San Marino,SMR,2018,58
San Marino,SMR,2019,76
San Marino,SMR,2020,82
San Marino,SMR,2021,82
San Marino,SMR,2022,80
San Marino,SMR,2023,83
San Marino,SMR,2024,81
Sao Tome and Principe,STP,2013,97
Sao Tome and Principe,STP,2014,95
Sao Tome and Principe,STP,2015,96
Sao Tome and Principe,STP,2016,96
Sao Tome and Principe,STP,2017,95
Sao Tome and Principe,STP,2018,95
Sao Tome and Principe,STP,2019,95
Sao Tome and Principe,STP,2020,96
Sao Tome and Principe,STP,2021,97
Sao Tome and Principe,STP,2022,92
Sao Tome and Principe,STP,2023,86
Sao Tome and Principe,STP,2024,86
Saudi Arabia,SAU,2009,98
Saudi Arabia,SAU,2010,98
Saudi Arabia,SAU,2011,98
Saudi Arabia,SAU,2012,98
Saudi Arabia,SAU,2013,98
Saudi Arabia,SAU,2014,98
Saudi Arabia,SAU,2015,98
Saudi Arabia,SAU,2016,98
Saudi Arabia,SAU,2017,98
Saudi Arabia,SAU,2018,98
Saudi Arabia,SAU,2019,96
Saudi Arabia,SAU,2020,95
Saudi Arabia,SAU,2021,97
Saudi Arabia,SAU,2022,98
Saudi Arabia,SAU,2023,97
Saudi Arabia,SAU,2024,96
Senegal,SEN,2014,81
Senegal,SEN,2015,89
Senegal,SEN,2016,93
Senegal,SEN,2017,92
Senegal,SEN,2018,92
Senegal,SEN,2019,91
Senegal,SEN,2020,82
Senegal,SEN,2021,83
Senegal,SEN,2022,92
Senegal,SEN,2023,92
Senegal,SEN,2024,91
Serbia,SRB,2018,67
Serbia,SRB,2019,92
Serbia,SRB,2020,88
Serbia,SRB,2021,89
Serbia,SRB,2022,90
Serbia,SRB,2023,82
Serbia,SRB,2024,85
Seychelles,SYC,2018,16
Seychelles,SYC,2019,92
Seychelles,SYC,2020,94
Seychelles,SYC,2021,95
Seychelles,SYC,2022,97
Seychelles,SYC,2023,97
Seychelles,SYC,2024,94
Sierra Leone,SLE,2011,75
Sierra Leone,SLE,2012,92
Sierra Leone,SLE,2013,92
Sierra Leone,SLE,2014,83
Sierra Leone,SLE,2015,86
Sierra Leone,SLE,2016,84
Sierra Leone,SLE,2017,90
Sierra Leone,SLE,2018,92
Sierra Leone,SLE,2019,94
Sierra Leone,SLE,2020,91
Sierra Leone,SLE,2021,90
Sierra Leone,SLE,2022,93
Sierra Leone,SLE,2023,93
Sierra Leone,SLE,2024,93
Singapore,SGP,2009,17
Singapore,SGP,2010,22
Singapore,SGP,2011,40
Singapore,SGP,2012,52
Singapore,SGP,2013,60
Singapore,SGP,2014,68
Singapore,SGP,2015,75
Singapore,SGP,2016,78
Singapore,SGP,2017,83
Singapore,SGP,2018,84
Singapore,SGP,2019,84
Singapore,SGP,2020,87
Singapore,SGP,2021,88
Singapore,SGP,2022,90
Singapore,SGP,2023,93
Singapore,SGP,2024,91
Slovakia,SVK,2009,99
Slovakia,SVK,2010,99
Slovakia,SVK,2011,99
Slovakia,SVK,2012,99
Slovakia,SVK,2013,98
Slovakia,SVK,2014,97
Slovakia,SVK,2015,96
Slovakia,SVK,2016,96
Slovakia,SVK,2017,96
Slovakia,SVK,2018,96
Slovakia,SVK,2019,97
Slovakia,SVK,2020,96
Slovakia,SVK,2021,97
Slovakia,SVK,2022,96
Slovakia,SVK,2023,96
Slovakia,SVK,2024,96
Slovenia,SVN,2015,50
Slovenia,SVN,2016,50
Slovenia,SVN,2017,55
Slovenia,SVN,2018,60
Slovenia,SVN,2019,65
Slovenia,SVN,2020,70
Slovenia,SVN,2021,58
Slovenia,SVN,2022,61
Slovenia,SVN,2023,58
Slovenia,SVN,2024,56
Solomon Islands,SLB,2015,42
Solomon Islands,SLB,2016,87
Solomon Islands,SLB,2017,81
Solomon Islands,SLB,2018,84
Solomon Islands,SLB,2019,94
Solomon Islands,SLB,2020,93
Solomon Islands,SLB,2021,86
Solomon Islands,SLB,2022,89
Solomon Islands,SLB,2023,81
Solomon Islands,SLB,2024,88
South Africa,ZAF,2009,10
South Africa,ZAF,2010,58
South Africa,ZAF,2011,62
South Africa,ZAF,2012,75
South Africa,ZAF,2013,77
South Africa,ZAF,2014,85
South Africa,ZAF,2015,85
South Africa,ZAF,2016,82
South Africa,ZAF,2017,78
South Africa,ZAF,2018,82
South Africa,ZAF,2019,85
South Africa,ZAF,2020,82
South Africa,ZAF,2021,86
South Africa,ZAF,2022,88
South Africa,ZAF,2023,83
South Africa,ZAF,2024,81
South America,,2009,0.7972099
South America,,2010,21.096754
South America,,2011,55.052574
South America,,2012,70.98164
South America,,2013,78.52117
South America,,2014,81.082214
South America,,2015,84.394516
South America,,2016,78.43488
South America,,2017,76.32382
South America,,2018,76.98419
South America,,2019,74.853714
South America,,2020,73.129585
South America,,2021,67.66403
South America,,2022,69.45597
South America,,2023,71.150024
South Asia (UNICEF),,2008,0
South Asia (UNICEF),,2009,0
South Asia (UNICEF),,2010,0
South Asia (UNICEF),,2011,0
South Asia (UNICEF),,2012,0
South Asia (UNICEF),,2013,11
South Asia (UNICEF),,2014,14
South Asia (UNICEF),,2015,21
South Asia (UNICEF),,2016,25
South Asia (UNICEF),,2017,27
South Asia (UNICEF),,2018,31
South Asia (UNICEF),,2019,38
South Asia (UNICEF),,2020,42
South Asia (UNICEF),,2021,45
South Asia (UNICEF),,2022,72
South Asia (UNICEF),,2023,83
South Asia (UNICEF),,2024,91
South Korea,KOR,2015,97
South Korea,KOR,2016,98
South Korea,KOR,2017,97
South Korea,KOR,2018,97
South Korea,KOR,2019,98
South Korea,KOR,2020,97
South Korea,KOR,2021,97
South Korea,KOR,2022,97
South Korea,KOR,2023,97
South Korea,KOR,2024,97
South-East Asia (WHO),,2008,0
South-East Asia (WHO),,2009,0
South-East Asia (WHO),,2010,0
South-East Asia (WHO),,2011,0
South-East Asia (WHO),,2012,0
South-East Asia (WHO),,2013,0
South-East Asia (WHO),,2014,0
South-East Asia (WHO),,2015,4
South-East Asia (WHO),,2016,10
South-East Asia (WHO),,2017,13
South-East Asia (WHO),,2018,17
South-East Asia (WHO),,2019,24
South-East Asia (WHO),,2020,28
South-East Asia (WHO),,2021,29
South-East Asia (WHO),,2022,59
South-East Asia (WHO),,2023,74
South-East Asia (WHO),,2024,88
Spain,ESP,2017,89
Spain,ESP,2018,95
Spain,ESP,2019,94
Spain,ESP,2020,94
Spain,ESP,2021,93
Spain,ESP,2022,95
Spain,ESP,2023,92
Spain,ESP,2024,92
Sudan,SDN,2013,30
Sudan,SDN,2014,97
Sudan,SDN,2015,93
Sudan,SDN,2016,93
Sudan,SDN,2017,95
Sudan,SDN,2018,93
Sudan,SDN,2019,93
Sudan,SDN,2020,90
Sudan,SDN,2021,85
Sudan,SDN,2022,83
Sudan,SDN,2023,52
Sudan,SDN,2024,40
Sweden,SWE,2008,60
Sweden,SWE,2009,98
Sweden,SWE,2010,98
Sweden,SWE,2011,98
Sweden,SWE,2012,98
Sweden,SWE,2013,98
Sweden,SWE,2014,98
Sweden,SWE,2015,97
Sweden,SWE,2016,97
Sweden,SWE,2017,97
Sweden,SWE,2018,97
Sweden,SWE,2019,97
Sweden,SWE,2020,97
Sweden,SWE,2021,97
Sweden,SWE,2022,94
Sweden,SWE,2023,94
Sweden,SWE,2024,94
Switzerland,CHE,2008,13
Switzerland,CHE,2009,25
Switzerland,CHE,2010,37
Switzerland,CHE,2011,50
Switzerland,CHE,2012,62
Switzerland,CHE,2013,75
Switzerland,CHE,2014,80
Switzerland,CHE,2015,80
Switzerland,CHE,2016,80
Switzerland,CHE,2017,84
Switzerland,CHE,2018,84
Switzerland,CHE,2019,84
Switzerland,CHE,2020,86
Switzerland,CHE,2021,88
Switzerland,CHE,2022,89
Switzerland,CHE,2023,89
Switzerland,CHE,2024,91
Tajikistan,TJK,2023,31
Tajikistan,TJK,2024,96
Tanzania,TZA,2013,80
Tanzania,TZA,2014,93
Tanzania,TZA,2015,93
Tanzania,TZA,2016,93
Tanzania,TZA,2017,93
Tanzania,TZA,2018,93
Tanzania,TZA,2019,90
Tanzania,TZA,2020,89
Tanzania,TZA,2021,86
Tanzania,TZA,2022,85
Tanzania,TZA,2023,82
Tanzania,TZA,2024,82
Togo,TGO,2014,25
Togo,TGO,2015,77
Togo,TGO,2016,82
Togo,TGO,2017,84
Togo,TGO,2018,82
Togo,TGO,2019,85
Togo,TGO,2020,84
Togo,TGO,2021,86
Togo,TGO,2022,85
Togo,TGO,2023,89
Togo,TGO,2024,89
Tonga,TON,2021,67
Tonga,TON,2022,67
Tonga,TON,2023,99
Tonga,TON,2024,99
Trinidad and Tobago,TTO,2012,41
Trinidad and Tobago,TTO,2013,80
Trinidad and Tobago,TTO,2014,95
Trinidad and Tobago,TTO,2015,92
Trinidad and Tobago,TTO,2016,91
Trinidad and Tobago,TTO,2017,93
Trinidad and Tobago,TTO,2018,99
Trinidad and Tobago,TTO,2019,93
Trinidad and Tobago,TTO,2020,95
Trinidad and Tobago,TTO,2021,95
Trinidad and Tobago,TTO,2022,93
Trinidad and Tobago,TTO,2023,94
Trinidad and Tobago,TTO,2024,91
Tunisia,TUN,2020,87
Tunisia,TUN,2021,96
Tunisia,TUN,2022,98
Tunisia,TUN,2023,97
Tunisia,TUN,2024,97
Turkey,TUR,2009,97
Turkey,TUR,2010,93
Turkey,TUR,2011,96
Turkey,TUR,2012,97
Turkey,TUR,2013,97
Turkey,TUR,2014,96
Turkey,TUR,2015,97
Turkey,TUR,2016,98
Turkey,TUR,2017,96
Turkey,TUR,2018,97
Turkey,TUR,2019,97
Turkey,TUR,2020,95
Turkey,TUR,2021,96
Turkey,TUR,2022,95
Turkey,TUR,2023,95
Turkey,TUR,2024,95
Turkmenistan,TKM,2020,23
Turkmenistan,TKM,2021,97
Turkmenistan,TKM,2022,98
Turkmenistan,TKM,2023,99
Turkmenistan,TKM,2024,99
Tuvalu,TUV,2022,83
Tuvalu,TUV,2023,98
Tuvalu,TUV,2024,97
Uganda,UGA,2014,60
Uganda,UGA,2015,64
Uganda,UGA,2016,77
Uganda,UGA,2017,90
Uganda,UGA,2018,92
Uganda,UGA,2019,92
Uganda,UGA,2020,89
Uganda,UGA,2021,91
Uganda,UGA,2022,90
Uganda,UGA,2023,91
Uganda,UGA,2024,91
United Arab Emirates,ARE,2010,94
United Arab Emirates,ARE,2011,95
United Arab Emirates,ARE,2012,96
United Arab Emirates,ARE,2013,98
United Arab Emirates,ARE,2014,99
United Arab Emirates,ARE,2015,99
United Arab Emirates,ARE,2016,99
United Arab Emirates,ARE,2017,96
United Arab Emirates,ARE,2018,99
United Arab Emirates,ARE,2019,99
United Arab Emirates,ARE,2020,84
United Arab Emirates,ARE,2021,95
United Arab Emirates,ARE,2022,95
United Arab Emirates,ARE,2023,94
United Arab Emirates,ARE,2024,94
United Kingdom,GBR,2010,89
United Kingdom,GBR,2011,90
United Kingdom,GBR,2012,92
United Kingdom,GBR,2013,93
United Kingdom,GBR,2014,93
United Kingdom,GBR,2015,93
United Kingdom,GBR,2016,92
United Kingdom,GBR,2017,92
United Kingdom,GBR,2018,92
United Kingdom,GBR,2019,91
United Kingdom,GBR,2020,91
United Kingdom,GBR,2021,91
United Kingdom,GBR,2022,90
United Kingdom,GBR,2023,89
United Kingdom,GBR,2024,89
United States,USA,2008,93
United States,USA,2009,93
United States,USA,2010,93
United States,USA,2011,94
United States,USA,2012,92
United States,USA,2013,92
United States,USA,2014,93
United States,USA,2015,93
United States,USA,2016,93
United States,USA,2017,92
United States,USA,2018,92
United States,USA,2019,92
United States,USA,2020,82
United States,USA,2021,82
United States,USA,2022,84
United States,USA,2023,84
United States,USA,2024,84
Upper-middle-income countries,,2008,1
Upper-middle-income countries,,2009,6
Upper-middle-income countries,,2010,13
Upper-middle-income countries,,2011,19
Upper-middle-income countries,,2012,22
Upper-middle-income countries,,2013,23
Upper-middle-income countries,,2014,25
Upper-middle-income countries,,2015,26
Upper-middle-income countries,,2016,26
Upper-middle-income countries,,2017,28
Upper-middle-income countries,,2018,30
Upper-middle-income countries,,2019,31
Upper-middle-income countries,,2020,31
Upper-middle-income countries,,2021,32
Upper-middle-income countries,,2022,34
Upper-middle-income countries,,2023,40
Upper-middle-income countries,,2024,49
Uruguay,URY,2010,91
Uruguay,URY,2011,92
Uruguay,URY,2012,93
Uruguay,URY,2013,93
Uruguay,URY,2014,95
Uruguay,URY,2015,94
Uruguay,URY,2016,94
Uruguay,URY,2017,94
Uruguay,URY,2018,93
Uruguay,URY,2019,95
Uruguay,URY,2020,94
Uruguay,URY,2021,94
Uruguay,URY,2022,94
Uruguay,URY,2023,94
Uruguay,URY,2024,96
Uzbekistan,UZB,2017,99
Uzbekistan,UZB,2018,96
Uzbekistan,UZB,2019,99
Uzbekistan,UZB,2020,93
Uzbekistan,UZB,2021,98
Uzbekistan,UZB,2022,99
Uzbekistan,UZB,2023,99
Uzbekistan,UZB,2024,94
Vanuatu,VUT,2021,39
Vanuatu,VUT,2022,42
Vanuatu,VUT,2023,63
Vanuatu,VUT,2024,74
Venezuela,VEN,2015,24
Venezuela,VEN,2016,7
Venezuela,VEN,2017,0
Venezuela,VEN,2018,0
Venezuela,VEN,2019,0
Venezuela,VEN,2020,0
Venezuela,VEN,2021,0
Venezuela,VEN,2022,0
Venezuela,VEN,2023,0
Venezuela,VEN,2024,0
West and Central Africa (UNICEF),,2008,0
West and Central Africa (UNICEF),,2009,0
West and Central Africa (UNICEF),,2010,0
West and Central Africa (UNICEF),,2011,6
West and Central Africa (UNICEF),,2012,16
West and Central Africa (UNICEF),,2013,20
West and Central Africa (UNICEF),,2014,31
West and Central Africa (UNICEF),,2015,53
West and Central Africa (UNICEF),,2016,61
West and Central Africa (UNICEF),,2017,64
West and Central Africa (UNICEF),,2018,66
West and Central Africa (UNICEF),,2019,67
West and Central Africa (UNICEF),,2020,64
West and Central Africa (UNICEF),,2021,63
West and Central Africa (UNICEF),,2022,64
West and Central Africa (UNICEF),,2023,53
West and Central Africa (UNICEF),,2024,54
Western Pacific (WHO),,2008,1
Western Pacific (WHO),,2009,1
Western Pacific (WHO),,2010,1
Western Pacific (WHO),,2011,6
Western Pacific (WHO),,2012,5
Western Pacific (WHO),,2013,5
Western Pacific (WHO),,2014,9
Western Pacific (WHO),,2015,11
Western Pacific (WHO),,2016,13
Western Pacific (WHO),,2017,12
Western Pacific (WHO),,2018,15
Western Pacific (WHO),,2019,16
Western Pacific (WHO),,2020,19
Western Pacific (WHO),,2021,21
Western Pacific (WHO),,2022,25
Western Pacific (WHO),,2023,26
Western Pacific (WHO),,2024,23
World,OWID_WRL,2008,4
World,OWID_WRL,2009,6
World,OWID_WRL,2010,10
World,OWID_WRL,2011,15
World,OWID_WRL,2012,19
World,OWID_WRL,2013,26
World,OWID_WRL,2014,32
World,OWID_WRL,2015,38
World,OWID_WRL,2016,41
World,OWID_WRL,2017,45
World,OWID_WRL,2018,48
World,OWID_WRL,2019,51
World,OWID_WRL,2020,52
World,OWID_WRL,2021,52
World,OWID_WRL,2022,61
World,OWID_WRL,2023,63
World,OWID_WRL,2024,67
Yemen,YEM,2011,41
Yemen,YEM,2012,67
Yemen,YEM,2013,71
Yemen,YEM,2014,69
Yemen,YEM,2015,63
Yemen,YEM,2016,62
Yemen,YEM,2017,58
Yemen,YEM,2018,51
Yemen,YEM,2019,58
Yemen,YEM,2020,55
Yemen,YEM,2021,55
Yemen,YEM,2022,57
Yemen,YEM,2023,45
Yemen,YEM,2024,41
Zambia,ZMB,2014,77
Zambia,ZMB,2015,81
Zambia,ZMB,2016,94
Zambia,ZMB,2017,94
Zambia,ZMB,2018,90
Zambia,ZMB,2019,89
Zambia,ZMB,2020,85
Zambia,ZMB,2021,89
Zambia,ZMB,2022,87
Zambia,ZMB,2023,87
Zambia,ZMB,2024,91
Zimbabwe,ZWE,2012,21
Zimbabwe,ZWE,2013,95
Zimbabwe,ZWE,2014,91
Zimbabwe,ZWE,2015,87
Zimbabwe,ZWE,2016,90
Zimbabwe,ZWE,2017,89
Zimbabwe,ZWE,2018,89
Zimbabwe,ZWE,2019,90
Zimbabwe,ZWE,2020,86
Zimbabwe,ZWE,2021,88
Zimbabwe,ZWE,2022,90
Zimbabwe,ZWE,2023,90
Zimbabwe,ZWE,2024,91